"PR"	"URL"	"Title"	"Content type"	"Is rendered page"	"HTTP status code"	"Organic traffic"	"Depth"	"Is indexable page"	"No. of all inlinks"	"First found at"
"35"	"https://solarinstallerstx.com/texas-solar-incentives-2025"	""	"text/html; charset=utf-8"	"false"	"404"	"0"	"1"	"false"	"47"	"https://solarinstallerstx.com/installers"
"35"	"https://solarinstallerstx.com/texas-guide"	""	"text/html; charset=utf-8"	"false"	"404"	"0"	"1"	"false"	"47"	"https://solarinstallerstx.com/installers"
"35"	"https://solarinstallerstx.com/sunnova-help"	""	"text/html; charset=utf-8"	"false"	"404"	"0"	"1"	"false"	"49"	"https://solarinstallerstx.com/installers"
"35"	"https://solarinstallerstx.com/how-we-protect-you"	""	"text/html; charset=utf-8"	"false"	"404"	"0"	"1"	"false"	"47"	"https://solarinstallerstx.com/installers"
"35"	"https://solarinstallerstx.com/sitemap"	""	"text/html; charset=utf-8"	"false"	"404"	"0"	"1"	"false"	"47"	"https://solarinstallerstx.com/installers"
"35"	"https://solarinstallerstx.com/affiliate-disclosure"	""	"text/html; charset=utf-8"	"false"	"404"	"0"	"1"	"false"	"47"	"https://solarinstallerstx.com/installers"
"35"	"https://solarinstallerstx.com/report-bankruptcy"	""	"text/html; charset=utf-8"	"false"	"404"	"0"	"1"	"false"	"48"	"https://solarinstallerstx.com/installers"
"35"	"https://solarinstallerstx.com/nabcep-certified-installers"	""	"text/html; charset=utf-8"	"false"	"404"	"0"	"1"	"false"	"50"	"https://solarinstallerstx.com/installers"
"35"	"https://solarinstallerstx.com/installer-dashboard/login"	""	"text/html; charset=utf-8"	"false"	"404"	"0"	"1"	"false"	"47"	"https://solarinstallerstx.com/installers"
"24"	"https://solarinstallerstx.com/installers/san-antonio/earth-smart-solar-tx"	""	"text/html; charset=utf-8"	"false"	"404"	"0"	"0"	"false"	"1"	""
"24"	"https://solarinstallerstx.com/installers/san-antonio/fonroche-lighting-america"	""	"text/html; charset=utf-8"	"false"	"404"	"0"	"0"	"false"	"1"	""
"24"	"https://solarinstallerstx.com/installers/san-antonio/sustainable-roofing-solar"	""	"text/html; charset=utf-8"	"false"	"404"	"0"	"0"	"false"	"2"	""
"24"	"https://solarinstallerstx.com/installers/san-antonio/freedom-forever"	""	"text/html; charset=utf-8"	"false"	"404"	"0"	"0"	"false"	"1"	""
"24"	"https://solarinstallerstx.com/installers/san-antonio/a-to-z-solar-maintenance"	""	"text/html; charset=utf-8"	"false"	"404"	"0"	"0"	"false"	"1"	""
"24"	"https://solarinstallerstx.com/installers/san-antonio/pure-energy"	""	"text/html; charset=utf-8"	"false"	"404"	"0"	"0"	"false"	"2"	""
"24"	"https://solarinstallerstx.com/installers/san-antonio/miguel-rivera"	""	"text/html; charset=utf-8"	"false"	"404"	"0"	"0"	"false"	"2"	""
"24"	"https://solarinstallerstx.com/installers/san-antonio/mm-roofing-siding-windows"	""	"text/html; charset=utf-8"	"false"	"404"	"0"	"0"	"false"	"1"	""
"24"	"https://solarinstallerstx.com/installers/san-antonio/solur-power"	""	"text/html; charset=utf-8"	"false"	"404"	"0"	"0"	"false"	"1"	""
"24"	"https://solarinstallerstx.com/installers/san-antonio/san-antonio-roof-royale"	""	"text/html; charset=utf-8"	"false"	"404"	"0"	"0"	"false"	"1"	""
"24"	"https://solarinstallerstx.com/installers/san-antonio/profesional-solar-installation"	""	"text/html; charset=utf-8"	"false"	"404"	"0"	"0"	"false"	"1"	""
"24"	"https://solarinstallerstx.com/installers/san-antonio/urban-solar"	""	"text/html; charset=utf-8"	"false"	"404"	"0"	"0"	"false"	"1"	""
"24"	"https://solarinstallerstx.com/installers/san-antonio/texas-solar-screens"	""	"text/html; charset=utf-8"	"false"	"404"	"0"	"0"	"false"	"1"	""
"24"	"https://solarinstallerstx.com/installers/san-antonio/olympic-electric-solar-llc"	""	"text/html; charset=utf-8"	"false"	"404"	"0"	"0"	"false"	"2"	""
"24"	"https://solarinstallerstx.com/installers/san-antonio/charger-roofing-llc"	""	"text/html; charset=utf-8"	"false"	"404"	"0"	"0"	"false"	"1"	""
"24"	"https://solarinstallerstx.com/installers/san-antonio/omosewe-guerra"	""	"text/html; charset=utf-8"	"false"	"404"	"0"	"0"	"false"	"2"	""
"24"	"https://solarinstallerstx.com/installers/san-antonio/big-sun-solar"	""	"text/html; charset=utf-8"	"false"	"404"	"0"	"0"	"false"	"1"	""
"24"	"https://solarinstallerstx.com/installers/san-antonio/san-antonio-solar-systems"	""	"text/html; charset=utf-8"	"false"	"404"	"0"	"0"	"false"	"1"	""
"24"	"https://solarinstallerstx.com/installers/san-antonio/energy-solutions-llc"	""	"text/html; charset=utf-8"	"false"	"404"	"0"	"0"	"false"	"1"	""
"24"	"https://solarinstallerstx.com/installers/san-antonio/solar-sunny-side-up"	""	"text/html; charset=utf-8"	"false"	"404"	"0"	"0"	"false"	"1"	""
"24"	"https://solarinstallerstx.com/installers/san-antonio/texas-engineered-solar"	""	"text/html; charset=utf-8"	"false"	"404"	"0"	"0"	"false"	"1"	""
"24"	"https://solarinstallerstx.com/installers/san-antonio/five-star-solar"	""	"text/html; charset=utf-8"	"false"	"404"	"0"	"0"	"false"	"1"	""
"24"	"https://solarinstallerstx.com/installers/san-antonio/dkd-energy"	""	"text/html; charset=utf-8"	"false"	"404"	"0"	"0"	"false"	"1"	""
"24"	"https://solarinstallerstx.com/installers/san-antonio/solar-electrics-texas"	""	"text/html; charset=utf-8"	"false"	"404"	"0"	"0"	"false"	"1"	""
"24"	"https://solarinstallerstx.com/installers/san-antonio/choose-the-right-solar"	""	"text/html; charset=utf-8"	"false"	"404"	"0"	"0"	"false"	"1"	""
"24"	"https://solarinstallerstx.com/installers/san-antonio/elevate-electrical-solutions"	""	"text/html; charset=utf-8"	"false"	"404"	"0"	"0"	"false"	"1"	""
"24"	"https://solarinstallerstx.com/installers/san-antonio/synergy-electric"	""	"text/html; charset=utf-8"	"false"	"404"	"0"	"0"	"false"	"2"	""
"24"	"https://solarinstallerstx.com/installers/san-antonio/solarwind-panel-installation-san-antonio-llc"	""	"text/html; charset=utf-8"	"false"	"404"	"0"	"0"	"false"	"1"	""
"24"	"https://solarinstallerstx.com/installers/san-antonio/orius-solar-care"	""	"text/html; charset=utf-8"	"false"	"404"	"0"	"0"	"false"	"1"	""
"24"	"https://solarinstallerstx.com/installers/san-antonio/solar-service"	""	"text/html; charset=utf-8"	"false"	"404"	"0"	"0"	"false"	"1"	""
"24"	"https://solarinstallerstx.com/installers/san-antonio/soleil-energy-solutions-llc"	""	"text/html; charset=utf-8"	"false"	"404"	"0"	"0"	"false"	"1"	""
"24"	"https://solarinstallerstx.com/installers/san-antonio/oci-solar-power-alamo-1-solar-farm"	""	"text/html; charset=utf-8"	"false"	"404"	"0"	"0"	"false"	"1"	""
"24"	"https://solarinstallerstx.com/installers/san-antonio/sundown-solar-llc"	""	"text/html; charset=utf-8"	"false"	"404"	"0"	"0"	"false"	"2"	""
"24"	"https://solarinstallerstx.com/installers/san-antonio/lighthouse-solar"	""	"text/html; charset=utf-8"	"false"	"404"	"0"	"0"	"false"	"1"	""
"24"	"https://solarinstallerstx.com/installers/san-antonio/solwel"	""	"text/html; charset=utf-8"	"false"	"404"	"0"	"0"	"false"	"1"	""
"24"	"https://solarinstallerstx.com/installers/san-antonio/texas-solar"	""	"text/html; charset=utf-8"	"false"	"404"	"0"	"0"	"false"	"2"	""
"24"	"https://solarinstallerstx.com/installers/san-antonio/solar-electric-texas"	""	"text/html; charset=utf-8"	"false"	"404"	"0"	"0"	"false"	"2"	""
"24"	"https://solarinstallerstx.com/installers/san-antonio/alpha-solar-solutions-llc"	""	"text/html; charset=utf-8"	"false"	"404"	"0"	"0"	"false"	"1"	""
"24"	"https://solarinstallerstx.com/installers/san-antonio/alba-energy"	""	"text/html; charset=utf-8"	"false"	"404"	"0"	"0"	"false"	"1"	""
"24"	"https://solarinstallerstx.com/installers/san-antonio/will-power-solar"	""	"text/html; charset=utf-8"	"false"	"404"	"0"	"0"	"false"	"2"	""
"24"	"https://solarinstallerstx.com/installers/san-antonio/delta-solar-power"	""	"text/html; charset=utf-8"	"false"	"404"	"0"	"0"	"false"	"1"	""
"24"	"https://solarinstallerstx.com/installers/san-antonio/apex-smart-home"	""	"text/html; charset=utf-8"	"false"	"404"	"0"	"0"	"false"	"1"	""
"24"	"https://solarinstallerstx.com/installers/san-antonio/greenstar-power-llc"	""	"text/html; charset=utf-8"	"false"	"404"	"0"	"0"	"false"	"2"	""
"24"	"https://solarinstallerstx.com/installers/san-antonio/life-solar-panels"	""	"text/html; charset=utf-8"	"false"	"404"	"0"	"0"	"false"	"1"	""
"24"	"https://solarinstallerstx.com/installers/san-antonio/mission-solar-energy-llc"	""	"text/html; charset=utf-8"	"false"	"404"	"0"	"0"	"false"	"1"	""
"24"	"https://solarinstallerstx.com/installers/san-antonio/alamo-smart-home"	""	"text/html; charset=utf-8"	"false"	"404"	"0"	"0"	"false"	"1"	""
"24"	"https://solarinstallerstx.com/installers/san-antonio/central-texas-solar"	""	"text/html; charset=utf-8"	"false"	"404"	"0"	"0"	"false"	"1"	""
"24"	"https://solarinstallerstx.com/installers/san-antonio/solar-alliance"	""	"text/html; charset=utf-8"	"false"	"404"	"0"	"0"	"false"	"2"	""
"24"	"https://solarinstallerstx.com/installers/san-antonio/strategic-solar-installation-san-antonio"	""	"text/html; charset=utf-8"	"false"	"404"	"0"	"0"	"false"	"1"	""
"24"	"https://solarinstallerstx.com/installers/san-antonio/aptos-solar-technology"	""	"text/html; charset=utf-8"	"false"	"404"	"0"	"0"	"false"	"1"	""
"24"	"https://solarinstallerstx.com/installers/san-antonio/solar-energy-house-tx"	""	"text/html; charset=utf-8"	"false"	"404"	"0"	"0"	"false"	"1"	""
"24"	"https://solarinstallerstx.com/installers/san-antonio/stephens-solar-solutions"	""	"text/html; charset=utf-8"	"false"	"404"	"0"	"0"	"false"	"2"	""
"24"	"https://solarinstallerstx.com/installers/san-antonio/etw-energy-llc"	""	"text/html; charset=utf-8"	"false"	"404"	"0"	"0"	"false"	"2"	""
"24"	"https://solarinstallerstx.com/installers/san-antonio/greenlight-energy"	""	"text/html; charset=utf-8"	"false"	"404"	"0"	"0"	"false"	"1"	""
"24"	"https://solarinstallerstx.com/installers/san-antonio/ecogen-america"	""	"text/html; charset=utf-8"	"false"	"404"	"0"	"0"	"false"	"1"	""
"24"	"https://solarinstallerstx.com/installers/san-antonio/texas-solar-energy"	""	"text/html; charset=utf-8"	"false"	"404"	"0"	"0"	"false"	"1"	""
"24"	"https://solarinstallerstx.com/installers/san-antonio/limitless-energy-pros"	""	"text/html; charset=utf-8"	"false"	"404"	"0"	"0"	"false"	"1"	""
"24"	"https://solarinstallerstx.com/installers/san-antonio/green-energy-of-san-antonio"	""	"text/html; charset=utf-8"	"false"	"404"	"0"	"0"	"false"	"1"	""
"24"	"https://solarinstallerstx.com/installers/san-antonio/erus-energy"	""	"text/html; charset=utf-8"	"false"	"404"	"0"	"0"	"false"	"1"	""
"24"	"https://solarinstallerstx.com/installers/san-antonio/sun-action-trackers-llc"	""	"text/html; charset=utf-8"	"false"	"404"	"0"	"0"	"false"	"1"	""
"24"	"https://solarinstallerstx.com/installers/san-antonio/pom-solar-energy"	""	"text/html; charset=utf-8"	"false"	"404"	"0"	"0"	"false"	"1"	""
"24"	"https://solarinstallerstx.com/installers/san-antonio/ecolectrics-llc"	""	"text/html; charset=utf-8"	"false"	"404"	"0"	"0"	"false"	"1"	""
"24"	"https://solarinstallerstx.com/installers/san-antonio/starpoint-group"	""	"text/html; charset=utf-8"	"false"	"404"	"0"	"0"	"false"	"1"	""
"24"	"https://solarinstallerstx.com/installers/san-antonio/solar-innovation-experts-san-antonio"	""	"text/html; charset=utf-8"	"false"	"404"	"0"	"0"	"false"	"1"	""
"24"	"https://solarinstallerstx.com/installers/san-antonio/standard"	""	"text/html; charset=utf-8"	"false"	"404"	"0"	"0"	"false"	"2"	""
"24"	"https://solarinstallerstx.com/installers/san-antonio/solar-electric-texas-llc"	""	"text/html; charset=utf-8"	"false"	"404"	"0"	"0"	"false"	"2"	""
"24"	"https://solarinstallerstx.com/installers/san-antonio/greentech-renewables-san-antonio"	""	"text/html; charset=utf-8"	"false"	"404"	"0"	"0"	"false"	"1"	""
"24"	"https://solarinstallerstx.com/installers/san-antonio/national-renewable-energy-partners"	""	"text/html; charset=utf-8"	"false"	"404"	"0"	"0"	"false"	"1"	""
"24"	"https://solarinstallerstx.com/installers/san-antonio/texas-energy-experts"	""	"text/html; charset=utf-8"	"false"	"404"	"0"	"0"	"false"	"1"	""
"24"	"https://solarinstallerstx.com/installers/san-antonio/ecopro-solar-supply"	""	"text/html; charset=utf-8"	"false"	"404"	"0"	"0"	"false"	"1"	""
"24"	"https://solarinstallerstx.com/installers/san-antonio/go-solar-san-antonio"	""	"text/html; charset=utf-8"	"false"	"404"	"0"	"0"	"false"	"1"	""
"24"	"https://solarinstallerstx.com/installers/san-antonio/erco-energy"	""	"text/html; charset=utf-8"	"false"	"404"	"0"	"0"	"false"	"1"	""
"24"	"https://solarinstallerstx.com/installers/san-antonio/power-home-remodeling"	""	"text/html; charset=utf-8"	"false"	"404"	"0"	"0"	"false"	"1"	""
"24"	"https://solarinstallerstx.com/installers/san-antonio/sat-energy"	""	"text/html; charset=utf-8"	"false"	"404"	"0"	"0"	"false"	"1"	""
"24"	"https://solarinstallerstx.com/installers/san-antonio/engel-electric"	""	"text/html; charset=utf-8"	"false"	"404"	"0"	"0"	"false"	"2"	""
"24"	"https://solarinstallerstx.com/installers/san-antonio/prodigy-solar"	""	"text/html; charset=utf-8"	"false"	"404"	"0"	"0"	"false"	"1"	""
"24"	"https://solarinstallerstx.com/installers/san-antonio/atma-energy"	""	"text/html; charset=utf-8"	"false"	"404"	"0"	"0"	"false"	"1"	""
"24"	"https://solarinstallerstx.com/installers/san-antonio/rhino-roofers-san-antonio-roofing-company"	""	"text/html; charset=utf-8"	"false"	"404"	"0"	"0"	"false"	"1"	""
"24"	"https://solarinstallerstx.com/installers/san-antonio/elias-solar-inc"	""	"text/html; charset=utf-8"	"false"	"404"	"0"	"0"	"false"	"2"	""
"24"	"https://solarinstallerstx.com/installers/san-antonio/sunlit-solar-san-antonio"	""	"text/html; charset=utf-8"	"false"	"404"	"0"	"0"	"false"	"1"	""
"24"	"https://solarinstallerstx.com/installers/san-antonio/olympus-electric-solar-llc"	""	"text/html; charset=utf-8"	"false"	"404"	"0"	"0"	"false"	"1"	""
"24"	"https://solarinstallerstx.com/installers/san-antonio/go-solar-power"	""	"text/html; charset=utf-8"	"false"	"404"	"0"	"0"	"false"	"1"	""
"24"	"https://solarinstallerstx.com/installers/san-antonio/solar-edge-pros"	""	"text/html; charset=utf-8"	"false"	"404"	"0"	"0"	"false"	"1"	""
"24"	"https://solarinstallerstx.com/installers/san-antonio/3rd-generation"	""	"text/html; charset=utf-8"	"false"	"404"	"0"	"0"	"false"	"2"	""
"24"	"https://solarinstallerstx.com/installers/san-antonio/lux-energy"	""	"text/html; charset=utf-8"	"false"	"404"	"0"	"0"	"false"	"1"	""
"24"	"https://solarinstallerstx.com/installers/san-antonio/critter-shield"	""	"text/html; charset=utf-8"	"false"	"404"	"0"	"0"	"false"	"1"	""
"24"	"https://solarinstallerstx.com/installers/san-antonio/charles-kirk"	""	"text/html; charset=utf-8"	"false"	"404"	"0"	"0"	"false"	"2"	""
"24"	"https://solarinstallerstx.com/installers/san-antonio/longhorn-solar-san-antonio"	""	"text/html; charset=utf-8"	"false"	"404"	"0"	"0"	"false"	"1"	""
"24"	"https://solarinstallerstx.com/installers/san-antonio/arp-roofing-remodeling"	""	"text/html; charset=utf-8"	"false"	"404"	"0"	"0"	"false"	"1"	""
"24"	"https://solarinstallerstx.com/installers/san-antonio/south-texas-solar-systems"	""	"text/html; charset=utf-8"	"false"	"404"	"0"	"0"	"false"	"1"	""
"24"	"https://solarinstallerstx.com/installers/san-antonio/smart-renewables-of-texas-llc"	""	"text/html; charset=utf-8"	"false"	"404"	"0"	"0"	"false"	"1"	""
"24"	"https://solarinstallerstx.com/installers/san-antonio/loa-roofing-and-construction"	""	"text/html; charset=utf-8"	"false"	"404"	"0"	"0"	"false"	"1"	""
"24"	"https://solarinstallerstx.com/installers/san-antonio/roofio"	""	"text/html; charset=utf-8"	"false"	"404"	"0"	"0"	"false"	"1"	""
"24"	"https://solarinstallerstx.com/installers/san-antonio/one80-solar"	""	"text/html; charset=utf-8"	"false"	"404"	"0"	"0"	"false"	"1"	""
"24"	"https://solarinstallerstx.com/installers/san-antonio/all-points-roof-solar"	""	"text/html; charset=utf-8"	"false"	"404"	"0"	"0"	"false"	"1"	""
"24"	"https://solarinstallerstx.com/installers/san-antonio/cam-solar"	""	"text/html; charset=utf-8"	"false"	"404"	"0"	"0"	"false"	"1"	""
"24"	"https://solarinstallerstx.com/installers/san-antonio/green-star-ev-and-solar-solutions"	""	"text/html; charset=utf-8"	"false"	"404"	"0"	"0"	"false"	"1"	""
"0"	"https://solarinstallerstx.com/installers/dumas/willis-construction"	""	"text/html; charset=utf-8"	"false"	"404"	"0"	"0"	"false"	"0"	""
"0"	"https://solarinstallerstx.com/installers/olmito/black-diamond-ppf-tint-olmito"	""	"text/html; charset=utf-8"	"false"	"404"	"0"	"0"	"false"	"0"	""
"0"	"https://solarinstallerstx.com/installers/waco/redemption-solar-power"	""	"text/html; charset=utf-8"	"false"	"404"	"0"	"0"	"false"	"1"	""
"0"	"https://solarinstallerstx.com/installers/round-rock/solar-power-systems-round-rock"	""	"text/html; charset=utf-8"	"false"	"404"	"0"	"0"	"false"	"1"	""
"0"	"https://solarinstallerstx.com/installers/austin/bright-energy-texas"	""	"text/html; charset=utf-8"	"false"	"404"	"0"	"0"	"false"	"1"	""
"0"	"https://solarinstallerstx.com/installers/farmers-branch/solarize"	""	"text/html; charset=utf-8"	"false"	"404"	"0"	"0"	"false"	"0"	""
"0"	"https://solarinstallerstx.com/installers/desoto/the-solar-cowboys"	""	"text/html; charset=utf-8"	"false"	"404"	"0"	"0"	"false"	"0"	""
"0"	"https://solarinstallerstx.com/installers/hurst/lgcy-power"	""	"text/html; charset=utf-8"	"false"	"404"	"0"	"0"	"false"	"0"	""
"0"	"https://solarinstallerstx.com/installers/dallas/yagnew-manengenegle"	""	"text/html; charset=utf-8"	"false"	"404"	"0"	"0"	"false"	"2"	""
"0"	"https://solarinstallerstx.com/installers/round-rock/gnrg-usa-north-austin"	""	"text/html; charset=utf-8"	"false"	"404"	"0"	"0"	"false"	"1"	""
"0"	"https://solarinstallerstx.com/installers/fate/arvo-solar-dfw-rockwall-fate"	""	"text/html; charset=utf-8"	"false"	"404"	"0"	"0"	"false"	"0"	""
"0"	"https://solarinstallerstx.com/installers/austin/pep-solar-llc"	""	"text/html; charset=utf-8"	"false"	"404"	"0"	"0"	"false"	"1"	""
"0"	"https://solarinstallerstx.com/installers/mesquite/sunstar-solutions"	""	"text/html; charset=utf-8"	"false"	"404"	"0"	"0"	"false"	"1"	""
"0"	"https://solarinstallerstx.com/installers/olmito/scs-sales-consultant-services"	""	"text/html; charset=utf-8"	"false"	"404"	"0"	"0"	"false"	"0"	""
"0"	"https://solarinstallerstx.com/installers/new-braunfels/texas-powered-by-solar"	""	"text/html; charset=utf-8"	"false"	"404"	"0"	"0"	"false"	"1"	""
"0"	"https://solarinstallerstx.com/installers/carrollton/texas-solar-design"	""	"text/html; charset=utf-8"	"false"	"404"	"0"	"0"	"false"	"1"	""
"0"	"https://solarinstallerstx.com/installers/grand-prairie/sunrun-solar"	""	"text/html; charset=utf-8"	"false"	"404"	"0"	"0"	"false"	"1"	""
"0"	"https://solarinstallerstx.com/installers/plano/enova-electrification"	""	"text/html; charset=utf-8"	"false"	"404"	"0"	"0"	"false"	"1"	""
"0"	"https://solarinstallerstx.com/installers/brownsville/tmd-solar-energy"	""	"text/html; charset=utf-8"	"false"	"404"	"0"	"0"	"false"	"1"	""
"0"	"https://solarinstallerstx.com/installers/weslaco/american-made-solar-and-wind-technologies"	""	"text/html; charset=utf-8"	"false"	"404"	"0"	"0"	"false"	"1"	""
"0"	"https://solarinstallerstx.com/installers/arlington/pure-energy-solar-systems"	""	"text/html; charset=utf-8"	"false"	"404"	"0"	"0"	"false"	"1"	""
"0"	"https://solarinstallerstx.com/installers/austin/smart-solar-systems"	""	"text/html; charset=utf-8"	"false"	"404"	"0"	"0"	"false"	"1"	""
"0"	"https://solarinstallerstx.com/installers/killeen/solarcentraltexas"	""	"text/html; charset=utf-8"	"false"	"404"	"0"	"0"	"false"	"1"	""
"0"	"https://solarinstallerstx.com/installers/dallas/proclaim-solar-llc"	""	"text/html; charset=utf-8"	"false"	"404"	"0"	"0"	"false"	"1"	""
"0"	"https://solarinstallerstx.com/installers/abilene/west-texas-solar"	""	"text/html; charset=utf-8"	"false"	"404"	"0"	"0"	"false"	"1"	""
"0"	"https://solarinstallerstx.com/installers/austin/jray-electrical"	""	"text/html; charset=utf-8"	"false"	"404"	"0"	"0"	"false"	"2"	""
"0"	"https://solarinstallerstx.com/installers/brownsville/xactman-services-llc"	""	"text/html; charset=utf-8"	"false"	"404"	"0"	"0"	"false"	"1"	""
"0"	"https://solarinstallerstx.com/installers/lytle/arc-solar-ev-solutions"	""	"text/html; charset=utf-8"	"false"	"404"	"0"	"0"	"false"	"0"	""
"0"	"https://solarinstallerstx.com/installers/houston/luminaz-energy"	""	"text/html; charset=utf-8"	"false"	"404"	"0"	"0"	"false"	"2"	""
"0"	"https://solarinstallerstx.com/installers/austin/energy-experts-solar-of-austin"	""	"text/html; charset=utf-8"	"false"	"404"	"0"	"0"	"false"	"1"	""
"0"	"https://solarinstallerstx.com/installers/mission/rgv-solar"	""	"text/html; charset=utf-8"	"false"	"404"	"0"	"0"	"false"	"1"	""
"0"	"https://solarinstallerstx.com/installers/converse/oci-solar-power-alamo-2-solar-farm"	""	"text/html; charset=utf-8"	"false"	"404"	"0"	"0"	"false"	"0"	""
"0"	"https://solarinstallerstx.com/installers/austin/solar-efficiency-experts-austin"	""	"text/html; charset=utf-8"	"false"	"404"	"0"	"0"	"false"	"1"	""
"0"	"https://solarinstallerstx.com/installers/dallas/nexus-energy"	""	"text/html; charset=utf-8"	"false"	"404"	"0"	"0"	"false"	"1"	""
"0"	"https://solarinstallerstx.com/installers/austin/solar-brothers-llc-solar-installation-hardware"	""	"text/html; charset=utf-8"	"false"	"404"	"0"	"0"	"false"	"1"	""
"0"	"https://solarinstallerstx.com/installers/north-richland-hills/simplicity-power"	""	"text/html; charset=utf-8"	"false"	"404"	"0"	"0"	"false"	"0"	""
"0"	"https://solarinstallerstx.com/installers/lubbock/greenmt-solar"	""	"text/html; charset=utf-8"	"false"	"404"	"0"	"0"	"false"	"2"	""
"0"	"https://solarinstallerstx.com/installers/la-feria/ies-texas-solar"	""	"text/html; charset=utf-8"	"false"	"404"	"0"	"0"	"false"	"0"	""
"0"	"https://solarinstallerstx.com/installers/dallas/solar-panels-dallas"	""	"text/html; charset=utf-8"	"false"	"404"	"0"	"0"	"false"	"1"	""
"0"	"https://solarinstallerstx.com/installers/new-braunfels/jiles-solar-power-llc"	""	"text/html; charset=utf-8"	"false"	"404"	"0"	"0"	"false"	"2"	""
"0"	"https://solarinstallerstx.com/installers/new-braunfels/jiles-solar-power-and-jiles-roofing"	""	"text/html; charset=utf-8"	"false"	"404"	"0"	"0"	"false"	"1"	""
"0"	"https://solarinstallerstx.com/installers/austin/solar-service"	""	"text/html; charset=utf-8"	"false"	"404"	"0"	"0"	"false"	"1"	""
"0"	"https://solarinstallerstx.com/installers/brownsville/mcallen-valley-roofing-co"	""	"text/html; charset=utf-8"	"false"	"404"	"0"	"0"	"false"	"1"	""
"0"	"https://solarinstallerstx.com/installers/brownsville/a7-auto-pros-tint-coatings-details-brownsville"	""	"text/html; charset=utf-8"	"false"	"404"	"0"	"0"	"false"	"2"	""
"0"	"https://solarinstallerstx.com/installers/temple/solar-x"	""	"text/html; charset=utf-8"	"false"	"404"	"0"	"0"	"false"	"1"	""
"0"	"https://solarinstallerstx.com/installers/buda/hesolar"	""	"text/html; charset=utf-8"	"false"	"404"	"0"	"0"	"false"	"0"	""
"0"	"https://solarinstallerstx.com/installers/harker-heights/solar-service"	""	"text/html; charset=utf-8"	"false"	"404"	"0"	"0"	"false"	"0"	""
"0"	"https://solarinstallerstx.com/installers/fort-worth/solar-avenue"	""	"text/html; charset=utf-8"	"false"	"404"	"0"	"0"	"false"	"1"	""
"0"	"https://solarinstallerstx.com/installers/austin/koala-solar"	""	"text/html; charset=utf-8"	"false"	"404"	"0"	"0"	"false"	"1"	""
"0"	"https://solarinstallerstx.com/installers/schertz/gvec-solar-services"	""	"text/html; charset=utf-8"	"false"	"404"	"0"	"0"	"false"	"0"	""
"0"	"https://solarinstallerstx.com/installers/desoto/solar-smart-tx"	""	"text/html; charset=utf-8"	"false"	"404"	"0"	"0"	"false"	"0"	""
"0"	"https://solarinstallerstx.com/installers/rockdale/boe-power-llc"	""	"text/html; charset=utf-8"	"false"	"404"	"0"	"0"	"false"	"0"	""
"0"	"https://solarinstallerstx.com/installers/austin/greenbelt-solar"	""	"text/html; charset=utf-8"	"false"	"404"	"0"	"0"	"false"	"1"	""
"0"	"https://solarinstallerstx.com/installers/liberty-hill/power-on"	""	"text/html; charset=utf-8"	"false"	"404"	"0"	"0"	"false"	"0"	""
"0"	"https://solarinstallerstx.com/installers/helotes/sunsmart-solar-helotes"	""	"text/html; charset=utf-8"	"false"	"404"	"0"	"0"	"false"	"0"	""
"0"	"https://solarinstallerstx.com/installers/austin/austin-discount-solar"	""	"text/html; charset=utf-8"	"false"	"404"	"0"	"0"	"false"	"1"	""
"0"	"https://solarinstallerstx.com/installers/weslaco/solar-panel-company"	""	"text/html; charset=utf-8"	"false"	"404"	"0"	"0"	"false"	"0"	""
"0"	"https://solarinstallerstx.com/installers/live-oak/now-energy-llc"	""	"text/html; charset=utf-8"	"false"	"404"	"0"	"0"	"false"	"0"	""
"0"	"https://solarinstallerstx.com/installers/austin/walsh-solar-electrical-services"	""	"text/html; charset=utf-8"	"false"	"404"	"0"	"0"	"false"	"1"	""
"0"	"https://solarinstallerstx.com/installers/fort-worth/solarco-texas"	""	"text/html; charset=utf-8"	"false"	"404"	"0"	"0"	"false"	"1"	""
"0"	"https://solarinstallerstx.com/installers/richland-hills/atlas-solar-power"	""	"text/html; charset=utf-8"	"false"	"404"	"0"	"0"	"false"	"0"	""
"0"	"https://solarinstallerstx.com/installers/dallas/vantage-point-solar"	""	"text/html; charset=utf-8"	"false"	"404"	"0"	"0"	"false"	"1"	""
"0"	"https://solarinstallerstx.com/installers/denton/denton-solar"	""	"text/html; charset=utf-8"	"false"	"404"	"0"	"0"	"false"	"1"	""
"0"	"https://solarinstallerstx.com/installers/katy/supernova-solar-dba-smartsan-energy"	""	"text/html; charset=utf-8"	"false"	"404"	"0"	"0"	"false"	"0"	""
"0"	"https://solarinstallerstx.com/installers/hurst/solarugreen"	""	"text/html; charset=utf-8"	"false"	"404"	"0"	"0"	"false"	"0"	""
"0"	"https://solarinstallerstx.com/nabcep-certified"	""	"text/html; charset=utf-8"	"false"	"404"	"0"	"1"	"false"	"1"	"https://solarinstallerstx.com/blog/texas-solar-bankruptcies-2024-2025"
"0"	"https://solarinstallerstx.com/installers/plano/longhorn-solar-plano"	""	"text/html; charset=utf-8"	"false"	"404"	"0"	"0"	"false"	"1"	""
"0"	"https://solarinstallerstx.com/installers/dallas/go-solar-power"	""	"text/html; charset=utf-8"	"false"	"404"	"0"	"0"	"false"	"1"	""
"0"	"https://solarinstallerstx.com/installers/bedford/the-solar-maintenance-guys"	""	"text/html; charset=utf-8"	"false"	"404"	"0"	"0"	"false"	"0"	""
"0"	"https://solarinstallerstx.com/installers/temple/solar-power-systems-temple"	""	"text/html; charset=utf-8"	"false"	"404"	"0"	"0"	"false"	"1"	""
"0"	"https://solarinstallerstx.com/installers/fort-worth/zen-solar-us"	""	"text/html; charset=utf-8"	"false"	"404"	"0"	"0"	"false"	"1"	""
"0"	"https://solarinstallerstx.com/installers/irving/xclusive-solar"	""	"text/html; charset=utf-8"	"false"	"404"	"0"	"0"	"false"	"1"	""
"0"	"https://solarinstallerstx.com/installers/grand-prairie/our-world-energy-llc"	""	"text/html; charset=utf-8"	"false"	"404"	"0"	"0"	"false"	"1"	""
"0"	"https://solarinstallerstx.com/installers/lewisville/texas-best-solar"	""	"text/html; charset=utf-8"	"false"	"404"	"0"	"0"	"false"	"0"	""
"0"	"https://solarinstallerstx.com/installers/killeen/2ez-solar"	""	"text/html; charset=utf-8"	"false"	"404"	"0"	"0"	"false"	"1"	""
"0"	"https://solarinstallerstx.com/installers/troy/big-elm-solar-project-wharton-tx"	""	"text/html; charset=utf-8"	"false"	"404"	"0"	"0"	"false"	"0"	""
"0"	"https://solarinstallerstx.com/installers/houston/akam-energ-llc"	""	"text/html; charset=utf-8"	"false"	"404"	"0"	"0"	"false"	"2"	""
"0"	"https://solarinstallerstx.com/installers/bexar-county/green-dream-solar-llc"	""	"text/html; charset=utf-8"	"false"	"404"	"0"	"0"	"false"	"1"	""
"0"	"https://solarinstallerstx.com/installers/austin/john-williams"	""	"text/html; charset=utf-8"	"false"	"404"	"0"	"0"	"false"	"2"	""
"0"	"https://solarinstallerstx.com/installers/grapevine/freedom-solar-power-dallas-solar-panel-company-installers"	""	"text/html; charset=utf-8"	"false"	"404"	"0"	"0"	"false"	"0"	""
"0"	"https://solarinstallerstx.com/installers/plano/inspire-solar"	""	"text/html; charset=utf-8"	"false"	"404"	"0"	"0"	"false"	"1"	""
"0"	"https://solarinstallerstx.com/installers/dallas/texsolar"	""	"text/html; charset=utf-8"	"false"	"404"	"0"	"0"	"false"	"1"	""
"0"	"https://solarinstallerstx.com/installers/houston/sonepar-solar"	""	"text/html; charset=utf-8"	"false"	"404"	"0"	"0"	"false"	"2"	""
"0"	"https://solarinstallerstx.com/installers/fort-worth/sol-nova-electric"	""	"text/html; charset=utf-8"	"false"	"404"	"0"	"0"	"false"	"2"	""
"0"	"https://solarinstallerstx.com/installers/grand-prairie/v3-electric"	""	"text/html; charset=utf-8"	"false"	"404"	"0"	"0"	"false"	"1"	""
"0"	"https://solarinstallerstx.com/installers/eddy/blevins-solar"	""	"text/html; charset=utf-8"	"false"	"404"	"0"	"0"	"false"	"0"	""
"0"	"https://solarinstallerstx.com/installers/austin/cool-solar-austin-texas-solar-panel-power"	""	"text/html; charset=utf-8"	"false"	"404"	"0"	"0"	"false"	"1"	""
"0"	"https://solarinstallerstx.com/installers/sulphur-springs/signature-solar"	""	"text/html; charset=utf-8"	"false"	"404"	"0"	"0"	"false"	"1"	""
"0"	"https://solarinstallerstx.com/installers/irving/solio-solar"	""	"text/html; charset=utf-8"	"false"	"404"	"0"	"0"	"false"	"1"	""
"0"	"https://solarinstallerstx.com/installers/boerne/mammoth-roofing-and-solar-of-boerne"	""	"text/html; charset=utf-8"	"false"	"404"	"0"	"0"	"false"	"0"	""
"0"	"https://solarinstallerstx.com/installers/kyle/ion-solar-texas"	""	"text/html; charset=utf-8"	"false"	"404"	"0"	"0"	"false"	"0"	""
"0"	"https://solarinstallerstx.com/installers/lubbock/nicolas-lyons"	""	"text/html; charset=utf-8"	"false"	"404"	"0"	"0"	"false"	"2"	""
"0"	"https://solarinstallerstx.com/installers/grapevine/sunpro-solar-llc"	""	"text/html; charset=utf-8"	"false"	"404"	"0"	"0"	"false"	"0"	""
"0"	"https://solarinstallerstx.com/installers/dallas/proxima-solar-energy"	""	"text/html; charset=utf-8"	"false"	"404"	"0"	"0"	"false"	"1"	""
"0"	"https://solarinstallerstx.com/installers/grand-prairie/solar-recycle-usa"	""	"text/html; charset=utf-8"	"false"	"404"	"0"	"0"	"false"	"1"	""
"0"	"https://solarinstallerstx.com/installers/universal-city/argus-solar-and-construction"	""	"text/html; charset=utf-8"	"false"	"404"	"0"	"0"	"false"	"0"	""
"0"	"https://solarinstallerstx.com/installers/farmers-branch/infinity-solar-usa-texas"	""	"text/html; charset=utf-8"	"false"	"404"	"0"	"0"	"false"	"0"	""
"0"	"https://solarinstallerstx.com/installers/san-benito/ramirez-innovations-llc"	""	"text/html; charset=utf-8"	"false"	"404"	"0"	"0"	"false"	"0"	""
"0"	"https://solarinstallerstx.com/installers/cleburne/solar-supply"	""	"text/html; charset=utf-8"	"false"	"404"	"0"	"0"	"false"	"0"	""
"0"	"https://solarinstallerstx.com/installers/dallas/gnrg-inc"	""	"text/html; charset=utf-8"	"false"	"404"	"0"	"0"	"false"	"1"	""
"0"	"https://solarinstallerstx.com/installers/austin/freedom-solar"	""	"text/html; charset=utf-8"	"false"	"404"	"0"	"0"	"false"	"2"	""
"0"	"https://solarinstallerstx.com/installers/denton/solar-power-systems-denton"	""	"text/html; charset=utf-8"	"false"	"404"	"0"	"0"	"false"	"1"	""
"0"	"https://solarinstallerstx.com/installers/cedar-park/good-energy-solar"	""	"text/html; charset=utf-8"	"false"	"404"	"0"	"0"	"false"	"1"	""
"0"	"https://solarinstallerstx.com/installers/sulphur-springs/derrick-reddell"	""	"text/html; charset=utf-8"	"false"	"404"	"0"	"0"	"false"	"1"	""
"0"	"https://solarinstallerstx.com/installers/fort-worth/ab-solar-and-roofing"	""	"text/html; charset=utf-8"	"false"	"404"	"0"	"0"	"false"	"1"	""
"0"	"https://solarinstallerstx.com/installers/new-braunfels/epik-solar-of-new-braunfels"	""	"text/html; charset=utf-8"	"false"	"404"	"0"	"0"	"false"	"1"	""
"0"	"https://solarinstallerstx.com/installers/arlington/solarlife-technology"	""	"text/html; charset=utf-8"	"false"	"404"	"0"	"0"	"false"	"1"	""
"0"	"https://solarinstallerstx.com/installers/weatherford/cabaa-del-sol"	""	"text/html; charset=utf-8"	"false"	"404"	"0"	"0"	"false"	"0"	""
"0"	"https://solarinstallerstx.com/installers/richardson/sunfuse-solar"	""	"text/html; charset=utf-8"	"false"	"404"	"0"	"0"	"false"	"1"	""
"0"	"https://solarinstallerstx.com/installers/waco/sweet-light-solar"	""	"text/html; charset=utf-8"	"false"	"404"	"0"	"0"	"false"	"2"	""
"0"	"https://solarinstallerstx.com/installers/sulphur-springs/signature-solar-llc"	""	"text/html; charset=utf-8"	"false"	"404"	"0"	"0"	"false"	"1"	""
"0"	"https://solarinstallerstx.com/installers/dallas/ross-solar-energy-co"	""	"text/html; charset=utf-8"	"false"	"404"	"0"	"0"	"false"	"1"	""
"0"	"https://solarinstallerstx.com/installers/irving/power-werx-energy"	""	"text/html; charset=utf-8"	"false"	"404"	"0"	"0"	"false"	"1"	""
"0"	"https://solarinstallerstx.com/installers/austin/sol-tech-roofing-solar"	""	"text/html; charset=utf-8"	"false"	"404"	"0"	"0"	"false"	"1"	""
"0"	"https://solarinstallerstx.com/installers/carrollton/dawn-to-dusk-solar-texas"	""	"text/html; charset=utf-8"	"false"	"404"	"0"	"0"	"false"	"1"	""
"0"	"https://solarinstallerstx.com/installers/hollywood-park/micro-grid-energy-llc"	""	"text/html; charset=utf-8"	"false"	"404"	"0"	"0"	"false"	"0"	""
"0"	"https://solarinstallerstx.com/installers/austin/now-energy-llc"	""	"text/html; charset=utf-8"	"false"	"404"	"0"	"0"	"false"	"1"	""
"0"	"https://solarinstallerstx.com/installers/kerrville/epik-solar-of-kerrville"	""	"text/html; charset=utf-8"	"false"	"404"	"0"	"0"	"false"	"0"	""
"0"	"https://solarinstallerstx.com/installers/mcallen/solergy"	""	"text/html; charset=utf-8"	"false"	"404"	"0"	"0"	"false"	"2"	""
"0"	"https://solarinstallerstx.com/installers/arlington/greentech-renewables-dallas"	""	"text/html; charset=utf-8"	"false"	"404"	"0"	"0"	"false"	"1"	""
"0"	"https://solarinstallerstx.com/installers/weslaco/evergreen-home-energy"	""	"text/html; charset=utf-8"	"false"	"404"	"0"	"0"	"false"	"0"	""
"0"	"https://solarinstallerstx.com/installers/dallas/sunergy"	""	"text/html; charset=utf-8"	"false"	"404"	"0"	"0"	"false"	"1"	""
"0"	"https://solarinstallerstx.com/installers/canyon-lake/superb-roofing-restoration"	""	"text/html; charset=utf-8"	"false"	"404"	"0"	"0"	"false"	"0"	""
"0"	"https://solarinstallerstx.com/installers/fort-worth/suntria-texas-solar-panel-installers"	""	"text/html; charset=utf-8"	"false"	"404"	"0"	"0"	"false"	"1"	""
"0"	"https://solarinstallerstx.com/installers/brownsville/ego-claims-construction-llc"	""	"text/html; charset=utf-8"	"false"	"404"	"0"	"0"	"false"	"2"	""
"0"	"https://solarinstallerstx.com/installers/austin/clearly"	""	"text/html; charset=utf-8"	"false"	"404"	"0"	"0"	"false"	"1"	""
"0"	"https://solarinstallerstx.com/installers/grapevine/north-texas-solar"	""	"text/html; charset=utf-8"	"false"	"404"	"0"	"0"	"false"	"0"	""
"0"	"https://solarinstallerstx.com/installers/katy/power-up-solar-21-llc"	""	"text/html; charset=utf-8"	"false"	"404"	"0"	"0"	"false"	"1"	""
"0"	"https://solarinstallerstx.com/installers/eagle-pass/smart-energy-solution"	""	"text/html; charset=utf-8"	"false"	"404"	"0"	"0"	"false"	"0"	""
"0"	"https://solarinstallerstx.com/installers/grapevine/sunsolar-solutions"	""	"text/html; charset=utf-8"	"false"	"404"	"0"	"0"	"false"	"0"	""
"0"	"https://solarinstallerstx.com/installers/dallas/green-balance-energy"	""	"text/html; charset=utf-8"	"false"	"404"	"0"	"0"	"false"	"1"	""
"0"	"https://solarinstallerstx.com/installers/grand-prairie/solar-sme-inc"	""	"text/html; charset=utf-8"	"false"	"404"	"0"	"0"	"false"	"1"	""
"0"	"https://solarinstallerstx.com/installers/palestine/eastex-solar"	""	"text/html; charset=utf-8"	"false"	"404"	"0"	"0"	"false"	"0"	""
"0"	"https://solarinstallerstx.com/installers/fort-worth/circle-l-solar"	""	"text/html; charset=utf-8"	"false"	"404"	"0"	"0"	"false"	"1"	""
"0"	"https://solarinstallerstx.com/installers/plano/solar-connect"	""	"text/html; charset=utf-8"	"false"	"404"	"0"	"0"	"false"	"1"	""
"0"	"https://solarinstallerstx.com/installers/dallas/hans-maggio"	""	"text/html; charset=utf-8"	"false"	"404"	"0"	"0"	"false"	"1"	""
"0"	"https://solarinstallerstx.com/installers/arlington/solar-power-systems-arlington"	""	"text/html; charset=utf-8"	"false"	"404"	"0"	"0"	"false"	"1"	""
"0"	"https://solarinstallerstx.com/installers/grand-prairie/cms-renewable-energy"	""	"text/html; charset=utf-8"	"false"	"404"	"0"	"0"	"false"	"1"	""
"0"	"https://solarinstallerstx.com/installers/boerne/sunbear"	""	"text/html; charset=utf-8"	"false"	"404"	"0"	"0"	"false"	"0"	""
"0"	"https://solarinstallerstx.com/installers/castle-hills/ibergreen"	""	"text/html; charset=utf-8"	"false"	"404"	"0"	"0"	"false"	"0"	""
"0"	"https://solarinstallerstx.com/installers/katy/solar-white-llc"	""	"text/html; charset=utf-8"	"false"	"404"	"0"	"0"	"false"	"1"	""
"0"	"https://solarinstallerstx.com/installers/mansfield/freedom-solar-and-electric-llc"	""	"text/html; charset=utf-8"	"false"	"404"	"0"	"0"	"false"	"1"	""
"0"	"https://solarinstallerstx.com/installers/irving/credible-solar"	""	"text/html; charset=utf-8"	"false"	"404"	"0"	"0"	"false"	"1"	""
"0"	"https://solarinstallerstx.com/installers/arlington/solar-supply"	""	"text/html; charset=utf-8"	"false"	"404"	"0"	"0"	"false"	"1"	""
"0"	"https://solarinstallerstx.com/installers/abilene/nivo-solar"	""	"text/html; charset=utf-8"	"false"	"404"	"0"	"0"	"false"	"1"	""
"0"	"https://solarinstallerstx.com/installers/tyler/wright-way-solar-technologies"	""	"text/html; charset=utf-8"	"false"	"404"	"0"	"0"	"false"	"2"	""
"0"	"https://solarinstallerstx.com/installers/fredericksburg/tesla-solar"	""	"text/html; charset=utf-8"	"false"	"404"	"0"	"0"	"false"	"1"	""
"0"	"https://solarinstallerstx.com/installers/schertz/gvec-electric-cooperative"	""	"text/html; charset=utf-8"	"false"	"404"	"0"	"0"	"false"	"0"	""
"0"	"https://solarinstallerstx.com/installers/austin/green-planet-solutions"	""	"text/html; charset=utf-8"	"false"	"404"	"0"	"0"	"false"	"1"	""
"0"	"https://solarinstallerstx.com/installers/allen/sol-ark-hq"	""	"text/html; charset=utf-8"	"false"	"404"	"0"	"0"	"false"	"1"	""
"0"	"https://solarinstallerstx.com/installers/wimberley/now-energy-llc"	""	"text/html; charset=utf-8"	"false"	"404"	"0"	"0"	"false"	"1"	""
"0"	"https://solarinstallerstx.com/installers/austin/easy-simple-solar"	""	"text/html; charset=utf-8"	"false"	"404"	"0"	"0"	"false"	"1"	""
"0"	"https://solarinstallerstx.com/installers/addison/sunaura-solar"	""	"text/html; charset=utf-8"	"false"	"404"	"0"	"0"	"false"	"0"	""
"0"	"https://solarinstallerstx.com/installers/austin/har-renewables"	""	"text/html; charset=utf-8"	"false"	"404"	"0"	"0"	"false"	"2"	""
"0"	"https://solarinstallerstx.com/installers/temple/solar-supply-inc"	""	"text/html; charset=utf-8"	"false"	"404"	"0"	"0"	"false"	"1"	""
"0"	"https://solarinstallerstx.com/installers/richardson/rise-power-llc"	""	"text/html; charset=utf-8"	"false"	"404"	"0"	"0"	"false"	"1"	""
"0"	"https://solarinstallerstx.com/installers/gruver/diamond-m-waterwell-services"	""	"text/html; charset=utf-8"	"false"	"404"	"0"	"0"	"false"	"0"	""
"0"	"https://solarinstallerstx.com/installers/farmers-branch/tech-solar-industries-tsi"	""	"text/html; charset=utf-8"	"false"	"404"	"0"	"0"	"false"	"0"	""
"0"	"https://solarinstallerstx.com/installers/austin/plainsman-engineering"	""	"text/html; charset=utf-8"	"false"	"404"	"0"	"0"	"false"	"2"	""
"0"	"https://solarinstallerstx.com/installers/alvarado/solar-electrical-retrofit-solutions-inc"	""	"text/html; charset=utf-8"	"false"	"404"	"0"	"0"	"false"	"0"	""
"0"	"https://solarinstallerstx.com/installers/leander/silver-electric-and-solar"	""	"text/html; charset=utf-8"	"false"	"404"	"0"	"0"	"false"	"0"	""
"0"	"https://solarinstallerstx.com/installers/austin/texas-solar"	""	"text/html; charset=utf-8"	"false"	"404"	"0"	"0"	"false"	"2"	""
"0"	"https://solarinstallerstx.com/installers/austin/freedom-solar-power-austin-solar-panel-company-installers"	""	"text/html; charset=utf-8"	"false"	"404"	"0"	"0"	"false"	"1"	""
"0"	"https://solarinstallerstx.com/installers/bastrop/fortress-power"	""	"text/html; charset=utf-8"	"false"	"404"	"0"	"0"	"false"	"1"	""
"0"	"https://solarinstallerstx.com/installers/mckinney/axium-solar"	""	"text/html; charset=utf-8"	"false"	"404"	"0"	"0"	"false"	"1"	""
"0"	"https://solarinstallerstx.com/installers/sulphur-springs/phillip-lofxfer"	""	"text/html; charset=utf-8"	"false"	"404"	"0"	"0"	"false"	"1"	""
"0"	"https://solarinstallerstx.com/installers/rockwall/arvo-solar-dallas-fort-worth"	""	"text/html; charset=utf-8"	"false"	"404"	"0"	"0"	"false"	"0"	""
"0"	"https://solarinstallerstx.com/installers/austin/energyrey-llc"	""	"text/html; charset=utf-8"	"false"	"404"	"0"	"0"	"false"	"1"	""
"0"	"https://solarinstallerstx.com/installers/harlingen/texas-solar-energy-company"	""	"text/html; charset=utf-8"	"false"	"404"	"0"	"0"	"false"	"0"	""
"0"	"https://solarinstallerstx.com/installers/lubbock/guy-kohlko"	""	"text/html; charset=utf-8"	"false"	"404"	"0"	"0"	"false"	"2"	""
"0"	"https://solarinstallerstx.com/installers/dripping-springs/guided-path-solar"	""	"text/html; charset=utf-8"	"false"	"404"	"0"	"0"	"false"	"0"	""
"0"	"https://solarinstallerstx.com/installers/austin/crimson-solar"	""	"text/html; charset=utf-8"	"false"	"404"	"0"	"0"	"false"	"1"	""
"0"	"https://solarinstallerstx.com/installers/mt-calm/solar-farm"	""	"text/html; charset=utf-8"	"false"	"404"	"0"	"0"	"false"	"0"	""
"0"	"https://solarinstallerstx.com/installers/wichita/madere-llc"	""	"text/html; charset=utf-8"	"false"	"404"	"0"	"0"	"false"	"1"	""
"0"	"https://solarinstallerstx.com/installers/rio-hondo/the-professional-shutter-company"	""	"text/html; charset=utf-8"	"false"	"404"	"0"	"0"	"false"	"1"	""
"0"	"https://solarinstallerstx.com/installers/austin/512-solar"	""	"text/html; charset=utf-8"	"false"	"404"	"0"	"0"	"false"	"2"	""
"0"	"https://solarinstallerstx.com/installers/garland/infinity-energy"	""	"text/html; charset=utf-8"	"false"	"404"	"0"	"0"	"false"	"1"	""
"0"	"https://solarinstallerstx.com/installers/mansfield/eagle-solar-power"	""	"text/html; charset=utf-8"	"false"	"404"	"0"	"0"	"false"	"0"	""
"0"	"https://solarinstallerstx.com/installers/austin/abdur-rahman"	""	"text/html; charset=utf-8"	"false"	"404"	"0"	"0"	"false"	"2"	""
"0"	"https://solarinstallerstx.com/installers/boerne/sunlane-electric"	""	"text/html; charset=utf-8"	"false"	"404"	"0"	"0"	"false"	"1"	""
"0"	"https://solarinstallerstx.com/installers/burleson/solar-water-solutions"	""	"text/html; charset=utf-8"	"false"	"404"	"0"	"0"	"false"	"0"	""
"0"	"https://solarinstallerstx.com/installers/richardson/immediate-solar-llc"	""	"text/html; charset=utf-8"	"false"	"404"	"0"	"0"	"false"	"1"	""
"0"	"https://solarinstallerstx.com/installers/austin/nation-solar-inc"	""	"text/html; charset=utf-8"	"false"	"404"	"0"	"0"	"false"	"1"	""
"0"	"https://solarinstallerstx.com/installers/waxahachie/texar-solar"	""	"text/html; charset=utf-8"	"false"	"404"	"0"	"0"	"false"	"1"	""
"0"	"https://solarinstallerstx.com/installers/pflugerville/longhorn-solar-austin"	""	"text/html; charset=utf-8"	"false"	"404"	"0"	"0"	"false"	"0"	""
"0"	"https://solarinstallerstx.com/installers/gonzales/gvec-solar-services"	""	"text/html; charset=utf-8"	"false"	"404"	"0"	"0"	"false"	"0"	""
"0"	"https://solarinstallerstx.com/installers/frisco/1-solar-solution-llc"	""	"text/html; charset=utf-8"	"false"	"404"	"0"	"0"	"false"	"1"	""
"0"	"https://solarinstallerstx.com/installers/bulverde/in-full-light"	""	"text/html; charset=utf-8"	"false"	"404"	"0"	"0"	"false"	"0"	""
"0"	"https://solarinstallerstx.com/installers/brownsville/roofing-a-1-construction-corp"	""	"text/html; charset=utf-8"	"false"	"404"	"0"	"0"	"false"	"2"	""
"0"	"https://solarinstallerstx.com/installers/burleson/sunsoaker-flexible-solar"	""	"text/html; charset=utf-8"	"false"	"404"	"0"	"0"	"false"	"0"	""
"0"	"https://solarinstallerstx.com/installers/livingston/east-texas-power"	""	"text/html; charset=utf-8"	"false"	"404"	"0"	"0"	"false"	"1"	""
"0"	"https://solarinstallerstx.com/installers/pflugerville/longhorn-solar"	""	"text/html; charset=utf-8"	"false"	"404"	"0"	"0"	"false"	"0"	""
"0"	"https://solarinstallerstx.com/installers/richardson/prime-slr"	""	"text/html; charset=utf-8"	"false"	"404"	"0"	"0"	"false"	"1"	""
"0"	"https://solarinstallerstx.com/installers/dallas/michael-lafiectis"	""	"text/html; charset=utf-8"	"false"	"404"	"0"	"0"	"false"	"2"	""
"0"	"https://solarinstallerstx.com/installers/argyle/green-energy-specialties"	""	"text/html; charset=utf-8"	"false"	"404"	"0"	"0"	"false"	"0"	""
"0"	"https://solarinstallerstx.com/installers/bryan/enova-electrification"	""	"text/html; charset=utf-8"	"false"	"404"	"0"	"0"	"false"	"0"	""
"0"	"https://solarinstallerstx.com/installers/brownsville/silva-roofing-construction"	""	"text/html; charset=utf-8"	"false"	"404"	"0"	"0"	"false"	"1"	""
"0"	"https://solarinstallerstx.com/installers/dallas/home-xperts"	""	"text/html; charset=utf-8"	"false"	"404"	"0"	"0"	"false"	"1"	""
"0"	"https://solarinstallerstx.com/installers/waxahachie/mint-solar"	""	"text/html; charset=utf-8"	"false"	"404"	"0"	"0"	"false"	"0"	""
"0"	"https://solarinstallerstx.com/installers/schertz/sunnova"	""	"text/html; charset=utf-8"	"false"	"404"	"0"	"0"	"false"	"1"	""
"0"	"https://solarinstallerstx.com/installers/dallas/tesla-energy-dallas-fort-worth"	""	"text/html; charset=utf-8"	"false"	"404"	"0"	"0"	"false"	"1"	""
"0"	"https://solarinstallerstx.com/installers/houston/green-lake-solar"	""	"text/html; charset=utf-8"	"false"	"404"	"0"	"0"	"false"	"2"	""
"0"	"https://solarinstallerstx.com/installers/austin/the-american-power-company"	""	"text/html; charset=utf-8"	"false"	"404"	"0"	"0"	"false"	"1"	""
"0"	"https://solarinstallerstx.com/installers/garland/remington-solar-inc"	""	"text/html; charset=utf-8"	"false"	"404"	"0"	"0"	"false"	"1"	""
"0"	"https://solarinstallerstx.com/installers/south-padre-island/solar-360"	""	"text/html; charset=utf-8"	"false"	"404"	"0"	"0"	"false"	"0"	""
"0"	"https://solarinstallerstx.com/installers/dallas/switch-smart-solar"	""	"text/html; charset=utf-8"	"false"	"404"	"0"	"0"	"false"	"1"	""
"0"	"https://solarinstallerstx.com/installers/dallas/kpost-roofing-waterproofing"	""	"text/html; charset=utf-8"	"false"	"404"	"0"	"0"	"false"	"1"	""
"0"	"https://solarinstallerstx.com/installers/burleson/ews-solar-construction"	""	"text/html; charset=utf-8"	"false"	"404"	"0"	"0"	"false"	"0"	""
"0"	"https://solarinstallerstx.com/installers/austin/tesla"	""	"text/html; charset=utf-8"	"false"	"404"	"0"	"0"	"false"	"2"	""
"0"	"https://solarinstallerstx.com/installers/frisco/evolve-solar-installation"	""	"text/html; charset=utf-8"	"false"	"404"	"0"	"0"	"false"	"2"	""
"0"	"https://solarinstallerstx.com/installers/dallas/delta-power-group"	""	"text/html; charset=utf-8"	"false"	"404"	"0"	"0"	"false"	"1"	""
"0"	"https://solarinstallerstx.com/installers/grand-prairie/sonovus-energy"	""	"text/html; charset=utf-8"	"false"	"404"	"0"	"0"	"false"	"1"	""
"0"	"https://solarinstallerstx.com/installers/fort-worth/solar-power-systems-fort-worth"	""	"text/html; charset=utf-8"	"false"	"404"	"0"	"0"	"false"	"1"	""
"0"	"https://solarinstallerstx.com/installers/buda/texas-solar-guys"	""	"text/html; charset=utf-8"	"false"	"404"	"0"	"0"	"false"	"1"	""
"0"	"https://solarinstallerstx.com/installers/bryan/texas-green-energy"	""	"text/html; charset=utf-8"	"false"	"404"	"0"	"0"	"false"	"0"	""
"0"	"https://solarinstallerstx.com/installers/dallas/victory-solar"	""	"text/html; charset=utf-8"	"false"	"404"	"0"	"0"	"false"	"1"	""
"0"	"https://solarinstallerstx.com/installers/cedar-hill/texas-solar-professional"	""	"text/html; charset=utf-8"	"false"	"404"	"0"	"0"	"false"	"0"	""
"0"	"https://solarinstallerstx.com/installers/cameron/boulder-solar-energy-services-llc"	""	"text/html; charset=utf-8"	"false"	"404"	"0"	"0"	"false"	"0"	""
"0"	"https://solarinstallerstx.com/installers/fort-worth/starvolt-solar"	""	"text/html; charset=utf-8"	"false"	"404"	"0"	"0"	"false"	"1"	""
"0"	"https://solarinstallerstx.com/installers/sulphur-springs/dg-renewables"	""	"text/html; charset=utf-8"	"false"	"404"	"0"	"0"	"false"	"1"	""
"0"	"https://solarinstallerstx.com/installers/dallas/dallas-solar"	""	"text/html; charset=utf-8"	"false"	"404"	"0"	"0"	"false"	"2"	""
"0"	"https://solarinstallerstx.com/installers/austin/jacob-parz"	""	"text/html; charset=utf-8"	"false"	"404"	"0"	"0"	"false"	"2"	""
"0"	"https://solarinstallerstx.com/installers/dallas/clean-power-store"	""	"text/html; charset=utf-8"	"false"	"404"	"0"	"0"	"false"	"1"	""
"0"	"https://solarinstallerstx.com/installers/richardson/metroplex-solar-panels"	""	"text/html; charset=utf-8"	"false"	"404"	"0"	"0"	"false"	"1"	""
"0"	"https://solarinstallerstx.com/installers/kyle/solstema"	""	"text/html; charset=utf-8"	"false"	"404"	"0"	"0"	"false"	"0"	""
"0"	"https://solarinstallerstx.com/installers/richardson/solartime-usa"	""	"text/html; charset=utf-8"	"false"	"404"	"0"	"0"	"false"	"1"	""
"0"	"https://solarinstallerstx.com/installers/mckinney/infinity-solar-panel-installations"	""	"text/html; charset=utf-8"	"false"	"404"	"0"	"0"	"false"	"1"	""
"0"	"https://solarinstallerstx.com/installers/irving/elios-solar"	""	"text/html; charset=utf-8"	"false"	"404"	"0"	"0"	"false"	"1"	""
"0"	"https://solarinstallerstx.com/installers/pleasanton/green-era-solar"	""	"text/html; charset=utf-8"	"false"	"404"	"0"	"0"	"false"	"0"	""
"0"	"https://solarinstallerstx.com/installers/austin/ecoelectrics-llc"	""	"text/html; charset=utf-8"	"false"	"404"	"0"	"0"	"false"	"2"	""
"0"	"https://solarinstallerstx.com/installers/aledo/efficient-home-services"	""	"text/html; charset=utf-8"	"false"	"404"	"0"	"0"	"false"	"0"	""
"0"	"https://solarinstallerstx.com/installers/burlington/orion-i-solar-project"	""	"text/html; charset=utf-8"	"false"	"404"	"0"	"0"	"false"	"0"	""
"0"	"https://solarinstallerstx.com/installers/plano/solar-etribe"	""	"text/html; charset=utf-8"	"false"	"404"	"0"	"0"	"false"	"1"	""
"0"	"https://solarinstallerstx.com/installers/woodway/green-solar-savings"	""	"text/html; charset=utf-8"	"false"	"404"	"0"	"0"	"false"	"0"	""
"0"	"https://solarinstallerstx.com/installers/lakeway/solar-installer-texas"	""	"text/html; charset=utf-8"	"false"	"404"	"0"	"0"	"false"	"0"	""
"0"	"https://solarinstallerstx.com/installers/dallas/radix-solar-dallas"	""	"text/html; charset=utf-8"	"false"	"404"	"0"	"0"	"false"	"1"	""
"0"	"https://solarinstallerstx.com/installers/mckinney/semper-solaris"	""	"text/html; charset=utf-8"	"false"	"404"	"0"	"0"	"false"	"1"	""
"0"	"https://solarinstallerstx.com/installers/fort-worth/kaco-energy-llc"	""	"text/html; charset=utf-8"	"false"	"404"	"0"	"0"	"false"	"2"	""
"0"	"https://solarinstallerstx.com/installers/houston/christopher-knight"	""	"text/html; charset=utf-8"	"false"	"404"	"0"	"0"	"false"	"1"	""
"0"	"https://solarinstallerstx.com/installers/poteet/impact-renewable-energy"	""	"text/html; charset=utf-8"	"false"	"404"	"0"	"0"	"false"	"0"	""
"0"	"https://solarinstallerstx.com/installers/austin/set-apart-solar"	""	"text/html; charset=utf-8"	"false"	"404"	"0"	"0"	"false"	"1"	""
"0"	"https://solarinstallerstx.com/installers/colleyville/american-solar-wind-llc"	""	"text/html; charset=utf-8"	"false"	"404"	"0"	"0"	"false"	"0"	""
"0"	"https://solarinstallerstx.com/installers/saginaw/monument-solar"	""	"text/html; charset=utf-8"	"false"	"404"	"0"	"0"	"false"	"0"	""
"0"	"https://solarinstallerstx.com/installers/haskell/azure-sky-solar"	""	"text/html; charset=utf-8"	"false"	"404"	"0"	"0"	"false"	"0"	""
"0"	"https://solarinstallerstx.com/installers/austin/native-solar-llc"	""	"text/html; charset=utf-8"	"false"	"404"	"0"	"0"	"false"	"2"	""
"0"	"https://solarinstallerstx.com/installers/austin/orange-fox-llc"	""	"text/html; charset=utf-8"	"false"	"404"	"0"	"0"	"false"	"2"	""
"0"	"https://solarinstallerstx.com/installers/grapevine/sunbox-pros"	""	"text/html; charset=utf-8"	"false"	"404"	"0"	"0"	"false"	"0"	""
"0"	"https://solarinstallerstx.com/installers/buda/best-solar-homes"	""	"text/html; charset=utf-8"	"false"	"404"	"0"	"0"	"false"	"0"	""
"0"	"https://solarinstallerstx.com/installers/mercedes/magic-valley-elec-co-op-inc"	""	"text/html; charset=utf-8"	"false"	"404"	"0"	"0"	"false"	"1"	""
"0"	"https://solarinstallerstx.com/installers/frisco/champion-solar"	""	"text/html; charset=utf-8"	"false"	"404"	"0"	"0"	"false"	"1"	""
"0"	"https://solarinstallerstx.com/installers/fort-worth/fort-worth-solar-installation-consulting"	""	"text/html; charset=utf-8"	"false"	"404"	"0"	"0"	"false"	"1"	""
"0"	"https://solarinstallerstx.com/installers/aubrey/coserv-solar-station"	""	"text/html; charset=utf-8"	"false"	"404"	"0"	"0"	"false"	"0"	""
"0"	"https://solarinstallerstx.com/installers/new-braunfels/white-label-solar-lighting"	""	"text/html; charset=utf-8"	"false"	"404"	"0"	"0"	"false"	"1"	""
"0"	"https://solarinstallerstx.com/installers/schertz/freedom-solar-power-san-antonio-solar-panel-company-installers"	""	"text/html; charset=utf-8"	"false"	"404"	"0"	"0"	"false"	"0"	""
"0"	"https://solarinstallerstx.com/installers/dallas/current-solar"	""	"text/html; charset=utf-8"	"false"	"404"	"0"	"0"	"false"	"1"	""
"0"	"https://solarinstallerstx.com/installers/lewisville/destined-energy"	""	"text/html; charset=utf-8"	"false"	"404"	"0"	"0"	"false"	"0"	""
"0"	"https://solarinstallerstx.com/installers/dallas/futurecore-energy"	""	"text/html; charset=utf-8"	"false"	"404"	"0"	"0"	"false"	"1"	""
"0"	"https://solarinstallerstx.com/installers/sunset/integrity-solar-usa"	""	"text/html; charset=utf-8"	"false"	"404"	"0"	"0"	"false"	"0"	""
"0"	"https://solarinstallerstx.com/installers/austin/enpower-off-grid"	""	"text/html; charset=utf-8"	"false"	"404"	"0"	"0"	"false"	"2"	""
"0"	"https://solarinstallerstx.com/installers/lubbock/clean-green-energy"	""	"text/html; charset=utf-8"	"false"	"404"	"0"	"0"	"false"	"2"	""
"0"	"https://solarinstallerstx.com/installers/dallas/diamond-solar-usa"	""	"text/html; charset=utf-8"	"false"	"404"	"0"	"0"	"false"	"1"	""
"0"	"https://solarinstallerstx.com/installers/leander/power-tx"	""	"text/html; charset=utf-8"	"false"	"404"	"0"	"0"	"false"	"0"	""
"0"	"https://solarinstallerstx.com/installers/fort-worth/loanstar-solar-power"	""	"text/html; charset=utf-8"	"false"	"404"	"0"	"0"	"false"	"1"	""
"0"	"https://solarinstallerstx.com/installers/sulphur-springs/nrg-renewables"	""	"text/html; charset=utf-8"	"false"	"404"	"0"	"0"	"false"	"1"	""
"0"	"https://solarinstallerstx.com/installers/weslaco/pure-energy"	""	"text/html; charset=utf-8"	"false"	"404"	"0"	"0"	"false"	"0"	""
"0"	"https://solarinstallerstx.com/installers/fort-worth/pulse-turnkey-formerly-texas-solar-solutions-llc"	""	"text/html; charset=utf-8"	"false"	"404"	"0"	"0"	"false"	"1"	""
"0"	"https://solarinstallerstx.com/installers/dallas/sunshine-renewable-solutions"	""	"text/html; charset=utf-8"	"false"	"404"	"0"	"0"	"false"	"1"	""
"0"	"https://solarinstallerstx.com/installers/frisco/trojan-solar"	""	"text/html; charset=utf-8"	"false"	"404"	"0"	"0"	"false"	"1"	""
"0"	"https://solarinstallerstx.com/installers/frisco/shneyder-solar-frisco"	""	"text/html; charset=utf-8"	"false"	"404"	"0"	"0"	"false"	"1"	""
"0"	"https://solarinstallerstx.com/installers/harker-heights/2h-solar-training"	""	"text/html; charset=utf-8"	"false"	"404"	"0"	"0"	"false"	"0"	""
"0"	"https://solarinstallerstx.com/installers/austin/optimum-solar-usa"	""	"text/html; charset=utf-8"	"false"	"404"	"0"	"0"	"false"	"1"	""
"0"	"https://solarinstallerstx.com/installers/new-braunfels/impact-solar-solutions-llc"	""	"text/html; charset=utf-8"	"false"	"404"	"0"	"0"	"false"	"2"	""
"0"	"https://solarinstallerstx.com/installers/austin/prism-solar"	""	"text/html; charset=utf-8"	"false"	"404"	"0"	"0"	"false"	"2"	""
"0"	"https://solarinstallerstx.com/installers/pearland/niro"	""	"text/html; charset=utf-8"	"false"	"404"	"0"	"0"	"false"	"2"	""
"0"	"https://solarinstallerstx.com/installers/mcgregor/solarwaco"	""	"text/html; charset=utf-8"	"false"	"404"	"0"	"0"	"false"	"0"	""
"0"	"https://solarinstallerstx.com/installers/garland/shneyder-solar-inc"	""	"text/html; charset=utf-8"	"false"	"404"	"0"	"0"	"false"	"1"	""
"0"	"https://solarinstallerstx.com/installers/waco/blaze-energy"	""	"text/html; charset=utf-8"	"false"	"404"	"0"	"0"	"false"	"1"	""
"0"	"https://solarinstallerstx.com/installers/flower-mound/dfw-solar-electric"	""	"text/html; charset=utf-8"	"false"	"404"	"0"	"0"	"false"	"1"	""
"0"	"https://solarinstallerstx.com/installers/killeen/solar-power-systems-killeen"	""	"text/html; charset=utf-8"	"false"	"404"	"0"	"0"	"false"	"1"	""
"0"	"https://solarinstallerstx.com/installers/austin/trident-renewables"	""	"text/html; charset=utf-8"	"false"	"404"	"0"	"0"	"false"	"1"	""
"0"	"https://solarinstallerstx.com/installers/houston/easton-energy-services"	""	"text/html; charset=utf-8"	"false"	"404"	"0"	"0"	"false"	"2"	""
"0"	"https://solarinstallerstx.com/installers/waco/integrity-solar-inc"	""	"text/html; charset=utf-8"	"false"	"404"	"0"	"0"	"false"	"1"	""
"0"	"https://solarinstallerstx.com/installers/austin/alba-energy"	""	"text/html; charset=utf-8"	"false"	"404"	"0"	"0"	"false"	"1"	""
"0"	"https://solarinstallerstx.com/installers/crystal-city/view-crystal-solar-contractor"	""	"text/html; charset=utf-8"	"false"	"404"	"0"	"0"	"false"	"0"	""
"0"	"https://solarinstallerstx.com/installers/houston/sunbeam-solar"	""	"text/html; charset=utf-8"	"false"	"404"	"0"	"0"	"false"	"2"	""
"0"	"https://solarinstallerstx.com/installers/sulphur-springs/freedom-solar-power"	""	"text/html; charset=utf-8"	"false"	"404"	"0"	"0"	"false"	"1"	""
"0"	"https://solarinstallerstx.com/installers/plano/universal-solar-system"	""	"text/html; charset=utf-8"	"false"	"404"	"0"	"0"	"false"	"1"	""
"0"	"https://solarinstallerstx.com/installers/la-vernia/gvec-solar-services"	""	"text/html; charset=utf-8"	"false"	"404"	"0"	"0"	"false"	"0"	""
"0"	"https://solarinstallerstx.com/installers/waco/solar-supply-inc"	""	"text/html; charset=utf-8"	"false"	"404"	"0"	"0"	"false"	"1"	""
"0"	"https://solarinstallerstx.com/installers/nolanville/solar-screens-killeen"	""	"text/html; charset=utf-8"	"false"	"404"	"0"	"0"	"false"	"0"	""
"0"	"https://solarinstallerstx.com/installers/weslaco/south-texas-roofing"	""	"text/html; charset=utf-8"	"false"	"404"	"0"	"0"	"false"	"0"	""
"0"	"https://solarinstallerstx.com/installers/amarillo/amarillo-solar-pros"	""	"text/html; charset=utf-8"	"false"	"404"	"0"	"0"	"false"	"1"	""
"0"	"https://solarinstallerstx.com/installers/fort-worth/edge-north-america"	""	"text/html; charset=utf-8"	"false"	"404"	"0"	"0"	"false"	"2"	""
"0"	"https://solarinstallerstx.com/installers/forney/texas-solar-panimals"	""	"text/html; charset=utf-8"	"false"	"404"	"0"	"0"	"false"	"0"	""
"0"	"https://solarinstallerstx.com/installers/houston/green-solar-rocket"	""	"text/html; charset=utf-8"	"false"	"404"	"0"	"0"	"false"	"2"	""
"0"	"https://solarinstallerstx.com/installers/boerne/texas-solar-energy"	""	"text/html; charset=utf-8"	"false"	"404"	"0"	"0"	"false"	"1"	""
"0"	"https://solarinstallerstx.com/installers/dallas/corenerg"	""	"text/html; charset=utf-8"	"false"	"404"	"0"	"0"	"false"	"1"	""
"0"	"https://solarinstallerstx.com/installers/plano/zuna-solar"	""	"text/html; charset=utf-8"	"false"	"404"	"0"	"0"	"false"	"1"	""
"0"	"https://solarinstallerstx.com/installers/southlake/prolight-solar-pv-installer"	""	"text/html; charset=utf-8"	"false"	"404"	"0"	"0"	"false"	"0"	""
"0"	"https://solarinstallerstx.com/installers/dallas/electric-distribution-and-design-systems"	""	"text/html; charset=utf-8"	"false"	"404"	"0"	"0"	"false"	"1"	""
"0"	"https://solarinstallerstx.com/installers/mckinney/str-solar"	""	"text/html; charset=utf-8"	"false"	"404"	"0"	"0"	"false"	"1"	""
"0"	"https://solarinstallerstx.com/installers/lubbock/travis-lakey"	""	"text/html; charset=utf-8"	"false"	"404"	"0"	"0"	"false"	"2"	""
"0"	"https://solarinstallerstx.com/installers/brownsville/owen-roofing-company"	""	"text/html; charset=utf-8"	"false"	"404"	"0"	"0"	"false"	"2"	""
"0"	"https://solarinstallerstx.com/installers/dallas/alba-energy-of-dallas"	""	"text/html; charset=utf-8"	"false"	"404"	"0"	"0"	"false"	"1"	""
"0"	"https://solarinstallerstx.com/installers/fort-worth/solar-pro-windows"	""	"text/html; charset=utf-8"	"false"	"404"	"0"	"0"	"false"	"1"	""
"0"	"https://solarinstallerstx.com/installers/pflugerville/ies-texas-solar-austin"	""	"text/html; charset=utf-8"	"false"	"404"	"0"	"0"	"false"	"0"	""
"0"	"https://solarinstallerstx.com/installers/weslaco/sunergy-services-llc"	""	"text/html; charset=utf-8"	"false"	"404"	"0"	"0"	"false"	"0"	""
"0"	"https://solarinstallerstx.com/installers/flower-mound/ka-solar"	""	"text/html; charset=utf-8"	"false"	"404"	"0"	"0"	"false"	"1"	""
"0"	"https://solarinstallerstx.com/installers/houston/bright-solar-energy-llc"	""	"text/html; charset=utf-8"	"false"	"404"	"0"	"0"	"false"	"2"	""
"0"	"https://solarinstallerstx.com/installers/dallas/smooth-solar-power"	""	"text/html; charset=utf-8"	"false"	"404"	"0"	"0"	"false"	"1"	""
"0"	"https://solarinstallerstx.com/installers/red-oak/how-much-solar-energy-can-you-collect"	""	"text/html; charset=utf-8"	"false"	"404"	"0"	"0"	"false"	"0"	""
"0"	"https://solarinstallerstx.com/installers/austin/austin-energy"	""	"text/html; charset=utf-8"	"false"	"404"	"0"	"0"	"false"	"2"	""
"0"	"https://solarinstallerstx.com/installers/plano/nxt-lvl-slr"	""	"text/html; charset=utf-8"	"false"	"404"	"0"	"0"	"false"	"1"	""
"0"	"https://solarinstallerstx.com/installers/richardson/texas-best-solar"	""	"text/html; charset=utf-8"	"false"	"404"	"0"	"0"	"false"	"1"	""
"0"	"https://solarinstallerstx.com/installers/south-padre-island/bahia-mar-solare-tower"	""	"text/html; charset=utf-8"	"false"	"404"	"0"	"0"	"false"	"0"	""
"0"	"https://solarinstallerstx.com/installers/sulphur-springs/joe-murillo"	""	"text/html; charset=utf-8"	"false"	"404"	"0"	"0"	"false"	"1"	""
"0"	"https://solarinstallerstx.com/installers/kemp/solar-world-llc"	""	"text/html; charset=utf-8"	"false"	"404"	"0"	"0"	"false"	"0"	""
"0"	"https://solarinstallerstx.com/installers/fort-worth/eclipse-solar"	""	"text/html; charset=utf-8"	"false"	"404"	"0"	"0"	"false"	"1"	""
"0"	"https://solarinstallerstx.com/installers/southlake/affordable-solar-roof-air-dallas"	""	"text/html; charset=utf-8"	"false"	"404"	"0"	"0"	"false"	"0"	""
"0"	"https://solarinstallerstx.com/installers/plano/renewables-hub"	""	"text/html; charset=utf-8"	"false"	"404"	"0"	"0"	"false"	"1"	""
"0"	"https://solarinstallerstx.com/installers/houston/niro"	""	"text/html; charset=utf-8"	"false"	"404"	"0"	"0"	"false"	"1"	""
"0"	"https://solarinstallerstx.com/installers/dallas/royal-solar-systems"	""	"text/html; charset=utf-8"	"false"	"404"	"0"	"0"	"false"	"1"	""
"0"	"https://solarinstallerstx.com/installers/san-marcos/divided-sky-roofing-solar"	""	"text/html; charset=utf-8"	"false"	"404"	"0"	"0"	"false"	"1"	""
"0"	"https://solarinstallerstx.com/installers/lubbock/solarus"	""	"text/html; charset=utf-8"	"false"	"404"	"0"	"0"	"false"	"2"	""
"0"	"https://solarinstallerstx.com/installers/plano/my-roof-solar"	""	"text/html; charset=utf-8"	"false"	"404"	"0"	"0"	"false"	"1"	""
"0"	"https://solarinstallerstx.com/installers/buda/altis-energy"	""	"text/html; charset=utf-8"	"false"	"404"	"0"	"0"	"false"	"1"	""
"0"	"https://solarinstallerstx.com/installers/corpus-christi/eco-green-renewable"	""	"text/html; charset=utf-8"	"false"	"404"	"0"	"0"	"false"	"2"	""
"0"	"https://solarinstallerstx.com/installers/waco/pure-energy"	""	"text/html; charset=utf-8"	"false"	"404"	"0"	"0"	"false"	"1"	""
"0"	"https://solarinstallerstx.com/installers/manor/greengo-solar"	""	"text/html; charset=utf-8"	"false"	"404"	"0"	"0"	"false"	"0"	""
"0"	"https://solarinstallerstx.com/installers/irving/bright-earth-solar"	""	"text/html; charset=utf-8"	"false"	"404"	"0"	"0"	"false"	"1"	""
"0"	"https://solarinstallerstx.com/installers/cibolo/advanced-solar-electric"	""	"text/html; charset=utf-8"	"false"	"404"	"0"	"0"	"false"	"0"	""
"0"	"https://solarinstallerstx.com/installers/brownsville/metro-electric-inc"	""	"text/html; charset=utf-8"	"false"	"404"	"0"	"0"	"false"	"2"	""
"0"	"https://solarinstallerstx.com/installers/eagle-pass/eagle-solarpanels-tiles-installs"	""	"text/html; charset=utf-8"	"false"	"404"	"0"	"0"	"false"	"1"	""
"0"	"https://solarinstallerstx.com/installers/dallas/sle-green-energy-llc"	""	"text/html; charset=utf-8"	"false"	"404"	"0"	"0"	"false"	"1"	""
"0"	"https://solarinstallerstx.com/installers/round-rock/freedom-forever"	""	"text/html; charset=utf-8"	"false"	"404"	"0"	"0"	"false"	"1"	""
"0"	"https://solarinstallerstx.com/installers/new-cancy/pure-energy"	""	"text/html; charset=utf-8"	"false"	"404"	"0"	"0"	"false"	"1"	""
"0"	"https://solarinstallerstx.com/installers/harker-heights/solar-centex"	""	"text/html; charset=utf-8"	"false"	"404"	"0"	"0"	"false"	"0"	""
"0"	"https://solarinstallerstx.com/installers/fort-worth/solnova"	""	"text/html; charset=utf-8"	"false"	"404"	"0"	"0"	"false"	"1"	""
"0"	"https://solarinstallerstx.com/installers/seguin/gvec-solar-services"	""	"text/html; charset=utf-8"	"false"	"404"	"0"	"0"	"false"	"0"	""
"0"	"https://solarinstallerstx.com/installers/monterey/texas-solar-professional"	""	"text/html; charset=utf-8"	"false"	"404"	"0"	"0"	"false"	"1"	""
"0"	"https://solarinstallerstx.com/installers/houston/solstice-solar-llc"	""	"text/html; charset=utf-8"	"false"	"404"	"0"	"0"	"false"	"2"	""
"0"	"https://solarinstallerstx.com/installers/amarillo/panhandle-solar-consultants"	""	"text/html; charset=utf-8"	"false"	"404"	"0"	"0"	"false"	"1"	""
"0"	"https://solarinstallerstx.com/installers/austin/natpre-solar"	""	"text/html; charset=utf-8"	"false"	"404"	"0"	"0"	"false"	"1"	""
"0"	"https://solarinstallerstx.com/installers/denton/epic-solar-pros"	""	"text/html; charset=utf-8"	"false"	"404"	"0"	"0"	"false"	"1"	""
"0"	"https://solarinstallerstx.com/installers/austin/gordan-gure"	""	"text/html; charset=utf-8"	"false"	"404"	"0"	"0"	"false"	"2"	""
"0"	"https://solarinstallerstx.com/installers/west/sun-of-texas-solar"	""	"text/html; charset=utf-8"	"false"	"404"	"0"	"0"	"false"	"0"	""
"0"	"https://solarinstallerstx.com/installers/mesquite/mayaztil-renovations"	""	"text/html; charset=utf-8"	"false"	"404"	"0"	"0"	"false"	"2"	""
"0"	"https://solarinstallerstx.com/installers/dallas/o3-energy-solutions"	""	"text/html; charset=utf-8"	"false"	"404"	"0"	"0"	"false"	"1"	""
"0"	"https://solarinstallerstx.com/installers/farmers-branch/epicpwr-solar-energy-farmers-branch-tx"	""	"text/html; charset=utf-8"	"false"	"404"	"0"	"0"	"false"	"0"	""
"0"	"https://solarinstallerstx.com/installers/boerne/renergy"	""	"text/html; charset=utf-8"	"false"	"404"	"0"	"0"	"false"	"0"	""
"0"	"https://solarinstallerstx.com/installers/ennis/radiant-technologies-solar-system-llc"	""	"text/html; charset=utf-8"	"false"	"404"	"0"	"0"	"false"	"0"	""
"0"	"https://solarinstallerstx.com/installers/lubbock/tesla"	""	"text/html; charset=utf-8"	"false"	"404"	"0"	"0"	"false"	"2"	""
"0"	"https://solarinstallerstx.com/installers/dallas/sunfinity-solar"	""	"text/html; charset=utf-8"	"false"	"404"	"0"	"0"	"false"	"2"	""
"0"	"https://solarinstallerstx.com/installers/grapevine/sustainable-roofing-solar"	""	"text/html; charset=utf-8"	"false"	"404"	"0"	"0"	"false"	"0"	""
"0"	"https://solarinstallerstx.com/installers/fort-worth/charles-solar-panels-fort-worth-tx"	""	"text/html; charset=utf-8"	"false"	"404"	"0"	"0"	"false"	"1"	""
"0"	"https://solarinstallerstx.com/installers/converse/ies-residential"	""	"text/html; charset=utf-8"	"false"	"404"	"0"	"0"	"false"	"0"	""
"0"	"https://solarinstallerstx.com/installers/willis/true-texas-solar-roofing"	""	"text/html; charset=utf-8"	"false"	"404"	"0"	"0"	"false"	"0"	""
"0"	"https://solarinstallerstx.com/installers/lubbock/signature-solar"	""	"text/html; charset=utf-8"	"false"	"404"	"0"	"0"	"false"	"2"	""
"0"	"https://solarinstallerstx.com/installers/harker-heights/allegiance-solar"	""	"text/html; charset=utf-8"	"false"	"404"	"0"	"0"	"false"	"0"	""
"0"	"https://solarinstallerstx.com/installers/wichita-falls/tesla"	""	"text/html; charset=utf-8"	"false"	"404"	"0"	"0"	"false"	"2"	""
"0"	"https://solarinstallerstx.com/installers/round-rock/longhorn-solar"	""	"text/html; charset=utf-8"	"false"	"404"	"0"	"0"	"false"	"2"	""
"0"	"https://solarinstallerstx.com/installers/amarillo/pure-energy-amarillo-solar"	""	"text/html; charset=utf-8"	"false"	"404"	"0"	"0"	"false"	"1"	""
"0"	"https://solarinstallerstx.com/installers/brownsville/solid-structures-inc"	""	"text/html; charset=utf-8"	"false"	"404"	"0"	"0"	"false"	"1"	""
"0"	"https://solarinstallerstx.com/installers/mercedes/nur-green-living-solutions"	""	"text/html; charset=utf-8"	"false"	"404"	"0"	"0"	"false"	"0"	""
"0"	"https://solarinstallerstx.com/installers/fort-worth/solar-screens"	""	"text/html; charset=utf-8"	"false"	"404"	"0"	"0"	"false"	"1"	""
"0"	"https://solarinstallerstx.com/installers/southlake/rankin-roofing-solar-llc"	""	"text/html; charset=utf-8"	"false"	"404"	"0"	"0"	"false"	"0"	""
"0"	"https://solarinstallerstx.com/installers/rowlett/ies-texas-solar-dallas"	""	"text/html; charset=utf-8"	"false"	"404"	"0"	"0"	"false"	"0"	""
"0"	"https://solarinstallerstx.com/installers/burketsville/sueanne-jones"	""	"text/html; charset=utf-8"	"false"	"404"	"0"	"0"	"false"	"0"	""
"0"	"https://solarinstallerstx.com/installers/fort-worth/sonfis-llc"	""	"text/html; charset=utf-8"	"false"	"404"	"0"	"0"	"false"	"2"	""
"0"	"https://solarinstallerstx.com/installers/lewisville/ths-home-solar"	""	"text/html; charset=utf-8"	"false"	"404"	"0"	"0"	"false"	"0"	""
"0"	"https://solarinstallerstx.com/installers/fort-worth/quantum-solar-of-texas"	""	"text/html; charset=utf-8"	"false"	"404"	"0"	"0"	"false"	"1"	""
"0"	"https://solarinstallerstx.com/installers/plano/sunstra"	""	"text/html; charset=utf-8"	"false"	"404"	"0"	"0"	"false"	"1"	""
"0"	"https://solarinstallerstx.com/installers/garland/harvest-solar-inc"	""	"text/html; charset=utf-8"	"false"	"404"	"0"	"0"	"false"	"1"	""
"0"	"https://solarinstallerstx.com/installers/carrollton/quicken-solar"	""	"text/html; charset=utf-8"	"false"	"404"	"0"	"0"	"false"	"1"	""
"0"	"https://solarinstallerstx.com/installers/round-rock/greenstar-power"	""	"text/html; charset=utf-8"	"false"	"404"	"0"	"0"	"false"	"1"	""
"0"	"https://solarinstallerstx.com/installers/austin/texas-solar-power-company"	""	"text/html; charset=utf-8"	"false"	"404"	"0"	"0"	"false"	"1"	""
"0"	"https://solarinstallerstx.com/installers/rowlett/novos-energy-solar"	""	"text/html; charset=utf-8"	"false"	"404"	"0"	"0"	"false"	"0"	""
"0"	"https://solarinstallerstx.com/installers/college-station/solar-power-systems-college-station"	""	"text/html; charset=utf-8"	"false"	"404"	"0"	"0"	"false"	"1"	""
"0"	"https://solarinstallerstx.com/installers/euless/sustainable-eco"	""	"text/html; charset=utf-8"	"false"	"404"	"0"	"0"	"false"	"0"	""
"0"	"https://solarinstallerstx.com/installers/harlingen/solar-power-home-systems"	""	"text/html; charset=utf-8"	"false"	"404"	"0"	"0"	"false"	"0"	""
"0"	"https://solarinstallerstx.com/installers/eldorado-springs/jtv-solar"	""	"text/html; charset=utf-8"	"false"	"404"	"0"	"0"	"false"	"0"	""
"0"	"https://solarinstallerstx.com/installers/san-marcos/epik-solar-of-san-marcos"	""	"text/html; charset=utf-8"	"false"	"404"	"0"	"0"	"false"	"1"	""
"0"	"https://solarinstallerstx.com/installers/dripping-springs/native-solar"	""	"text/html; charset=utf-8"	"false"	"404"	"0"	"0"	"false"	"0"	""
"0"	"https://solarinstallerstx.com/installers/boerne/power-up-sol"	""	"text/html; charset=utf-8"	"false"	"404"	"0"	"0"	"false"	"0"	""
"0"	"https://solarinstallerstx.com/installers/gatesville/james-electrical-service-llc"	""	"text/html; charset=utf-8"	"false"	"404"	"0"	"0"	"false"	"0"	""
"0"	"https://solarinstallerstx.com/installers/plano/freedom-forever"	""	"text/html; charset=utf-8"	"false"	"404"	"0"	"0"	"false"	"1"	""
"0"	"https://solarinstallerstx.com/installers/dallas/custom-pro-roofing-and-solar"	""	"text/html; charset=utf-8"	"false"	"404"	"0"	"0"	"false"	"1"	""
"0"	"https://solarinstallerstx.com/installers/dallas/ion-solar-dallas"	""	"text/html; charset=utf-8"	"false"	"404"	"0"	"0"	"false"	"1"	""
"0"	"https://solarinstallerstx.com/installers/dallas/blue-hammer-solar"	""	"text/html; charset=utf-8"	"false"	"404"	"0"	"0"	"false"	"1"	""
"0"	"https://solarinstallerstx.com/installers/arlington/energy-renovation-center-tx"	""	"text/html; charset=utf-8"	"false"	"404"	"0"	"0"	"false"	"1"	""
"0"	"https://solarinstallerstx.com/installers/lubbock/robert-martinez"	""	"text/html; charset=utf-8"	"false"	"404"	"0"	"0"	"false"	"2"	""
"0"	"https://solarinstallerstx.com/installers/weatherford/solar-panel-installation-systems-of-weatherford"	""	"text/html; charset=utf-8"	"false"	"404"	"0"	"0"	"false"	"0"	""
"0"	"https://solarinstallerstx.com/installers/arlington/best-way-solar-solar-installation-maintenance-services"	""	"text/html; charset=utf-8"	"false"	"404"	"0"	"0"	"false"	"1"	""
"0"	"https://solarinstallerstx.com/installers/brownsville/logans-electric"	""	"text/html; charset=utf-8"	"false"	"404"	"0"	"0"	"false"	"1"	""
"0"	"https://solarinstallerstx.com/installers/fort-worth/sunton-solutions-llc-solar-panel-cleaning"	""	"text/html; charset=utf-8"	"false"	"404"	"0"	"0"	"false"	"1"	""
"0"	"https://solarinstallerstx.com/installers/harlingen/aresa-home-solutions"	""	"text/html; charset=utf-8"	"false"	"404"	"0"	"0"	"false"	"0"	""
"0"	"https://solarinstallerstx.com/installers/carrollton/harvest-solar-inc"	""	"text/html; charset=utf-8"	"false"	"404"	"0"	"0"	"false"	"2"	""
"0"	"https://solarinstallerstx.com/installers/cedar-park/sunaura-energy"	""	"text/html; charset=utf-8"	"false"	"404"	"0"	"0"	"false"	"1"	""
"0"	"https://solarinstallerstx.com/installers/cuero/gvec-solar-services"	""	"text/html; charset=utf-8"	"false"	"404"	"0"	"0"	"false"	"0"	""
"0"	"https://solarinstallerstx.com/installers/houston/e2s-renewables"	""	"text/html; charset=utf-8"	"false"	"404"	"0"	"0"	"false"	"2"	""
"0"	"https://solarinstallerstx.com/installers/houston/julio-kumbakari"	""	"text/html; charset=utf-8"	"false"	"404"	"0"	"0"	"false"	"2"	""
"0"	"https://solarinstallerstx.com/installers/ft-worth/jamber-lyman"	""	"text/html; charset=utf-8"	"false"	"404"	"0"	"0"	"false"	"1"	""
"0"	"https://solarinstallerstx.com/installers/austin/longhorn-solar"	""	"text/html; charset=utf-8"	"false"	"404"	"0"	"0"	"false"	"1"	""
"0"	"https://solarinstallerstx.com/installers/harlingen/rgv-electric"	""	"text/html; charset=utf-8"	"false"	"404"	"0"	"0"	"false"	"0"	""
"0"	"https://solarinstallerstx.com/installers/round-rock/sonepar"	""	"text/html; charset=utf-8"	"false"	"404"	"0"	"0"	"false"	"1"	""
"0"	"https://solarinstallerstx.com/installers/austin/axis-solar"	""	"text/html; charset=utf-8"	"false"	"404"	"0"	"0"	"false"	"1"	""
"0"	"https://solarinstallerstx.com/installers/fredericksburg/hill-country-solar"	""	"text/html; charset=utf-8"	"false"	"404"	"0"	"0"	"false"	"1"	""
"0"	"https://solarinstallerstx.com/installers/amarillo/amarillo-solar-shade-co"	""	"text/html; charset=utf-8"	"false"	"404"	"0"	"0"	"false"	"1"	""
"0"	"https://solarinstallerstx.com/installers/austin/solaron-services"	""	"text/html; charset=utf-8"	"false"	"404"	"0"	"0"	"false"	"1"	""
"0"	"https://solarinstallerstx.com/installers/duncanville/evolve-solar-installation"	""	"text/html; charset=utf-8"	"false"	"404"	"0"	"0"	"false"	"1"	""
"0"	"https://solarinstallerstx.com/installers/austin/atx-solar"	""	"text/html; charset=utf-8"	"false"	"404"	"0"	"0"	"false"	"1"	""
"0"	"https://solarinstallerstx.com/installers/weslaco/alpha-valley-roofing"	""	"text/html; charset=utf-8"	"false"	"404"	"0"	"0"	"false"	"1"	""
