"#","Company","Contact","City","Phone","Email","Website","Status","Notes"
"1","Atma Energy","Atma Energy","San Antonio","(210) 247-2862","info@atma-energy.com","https://atma-energy.com/","not_called",""
"2","Delta Solar Power","Delta Solar Power","San Antonio","(210) 687-7675","","","not_called",""
"3","Power Home Remodeling","Power Home Remodeling","San Antonio","(210) 585-3398","info@powerhrg.com","https://powerhrg.com/","not_called",""
"4","Urban Solar","Urban Solar","San Antonio","(210) 415-8440","","","not_called",""
"5","Pure Energy","Pure Energy","San Antonio","(833) 937-7873","info@pure.solar","http://pure.solar/","not_called",""
"6","Earth Smart Solar TX","Earth Smart Solar TX","San Antonio","(210) 421-5526","info@info.earthsmartsolar.com","https://info.earthsmartsolar.com/main-tx","not_called",""
"7","Solar Sunny-Side UP","Solar Sunny-Side UP","San Antonio","(855) 887-8669","info@solarsunnysideup.com","http://solarsunnysideup.com/","not_called",""
"8","Mission Solar Energy LLC","Mission Solar Energy LLC","San Antonio","(210) 531-8600","info@missionsolar.com","http://www.missionsolar.com/","not_called",""
"9","Sun Action Trackers LLC","Sun Action Trackers LLC","San Antonio","(210) 503-6101","info@sat-energy.com","http://www.sat-energy.com/","not_called",""
"10","Orius Solar Care+","Orius Solar Care+","San Antonio","(210) 384-1014","support@oriusolar.com","http://oriusolar.com/","not_called",""
"11","Lux Energy","Lux Energy","San Antonio","(830) 308-7475","info@luxsolarenergy.com","http://luxsolarenergy.com/","not_called",""
"12","Elevate Electrical Solutions","Elevate Electrical Solutions","San Antonio","(210) 913-1115","info@goelevateelectrical.com","https://goelevateelectrical.com/","not_called",""
"13","Solar Service","Solar Service","San Antonio","(210) 343-2822","hello@solarservice-tx.com","https://solarservice-tx.com/san-antonio/","not_called",""
"14","Central Texas Solar","Central Texas Solar","San Antonio","(210) 635-0007","service@centraltexas.solar","https://centraltexas.solar/","not_called",""
"15","Texas Energy Experts","Texas Energy Experts","San Antonio","(210) 982-0812","","","not_called",""
"16","Energy Solutions Llc","Energy Solutions Llc","San Antonio","(210) 405-7796","info@energysolutions.com","https://www.energysolutions.com/","not_called",""
"17","roofio","roofio","San Antonio","(833) 674-7663","info@roofio.com","https://roofio.com/","not_called",""
"18","SolWel","SolWel","San Antonio","(210) 462-9950","info@solwel.com","https://solwel.com/","not_called",""
"19","Fonroche Lighting America","Fonroche Lighting America","San Antonio","(339) 225-4530","info@fonroche.us","https://www.fonrochesolarlighting.com/","not_called",""
"20","APEX Smart Home","APEX Smart Home","San Antonio","(210) 301-0032","contact@getapexsmart.com","http://getapexsmart.com/","not_called",""
"21","M&M Roofing, Siding & Windows","M&M Roofing, Siding & Windows","San Antonio","(210) 822-6070","info@mmroofsiding.com","https://mmroofsiding.com/locations/san-antonio/roofing/","not_called",""
"22","Greenlight energy","Greenlight energy","San Antonio","(210) 790-1261","info@gl.solar","http://gl.solar/","not_called",""
"23","San Antonio Roof Royale","San Antonio Roof Royale","San Antonio","(512) 400-3113","office@roofroyale.com","https://austinroofroyale.com/san-antonio-roofing-contractors/","not_called",""
"24","Profesional Solar Installation","Profesional Solar Installation","San Antonio","(726) 238-7889","","","not_called",""
"25","Solar Energy House TX","Solar Energy House TX","San Antonio","(726) 256-7177","","","not_called",""
"26","A to Z Solar Maintenance","A to Z Solar Maintenance","San Antonio","(469) 866-5525","info@atozsolarmaintenance.com","http://atozsolarmaintenance.com/","not_called",""
"27","Texas Solar Energy","Texas Solar Energy","San Antonio","(210) 573-3418","","","not_called",""
"28","DKD Energy","DKD Energy","San Antonio","(800) 844-0569","contact@dkdenergy.com","http://www.dkdenergy.com/","not_called",""
"29","Lighthouse Solar","Lighthouse Solar","San Antonio","(512) 710-7538","marketing@lighthousesolartx.com","http://lighthousesolartx.com/","not_called",""
"30","SolarWind Panel Installation San Antonio LLC","SolarWind Panel Installation San Antonio LLC","San Antonio","(726) 762-3214","","","not_called",""
"31","Ecopro Solar Supply","Ecopro Solar Supply","San Antonio","(210) 251-4059","sales@ecoprosolar.com","http://www.ecoprosolar.com/","not_called",""
"32","Erco Energy","Erco Energy","San Antonio","(210) 639-3818","soporte@erco.energy","https://erco.energy/us","not_called",""
"33","Erus Energy","Erus Energy","San Antonio","(844) 272-8336","","","not_called",""
"34","SAT Energy","SAT Energy","San Antonio","(210) 688-4301","info@sat-energy.biz","https://www.sat-energy.biz/","not_called",""
"35","Big Sun Solar","Big Sun Solar","San Antonio","(210) 960-2303","sales@bigsunsolar.com","https://www.bigsunsolar.com/","not_called",""
"36","National Renewable Energy Partners","National Renewable Energy Partners","San Antonio","(855) 858-6737","info@nrep.solar","https://nrep.solar/","not_called",""
"37","Strategic Solar Installation San Antonio","Strategic Solar Installation San Antonio","San Antonio","(833) 435-4213","","","not_called",""
"38","Life Solar Panels","Life Solar Panels","San Antonio","(210) 608-2508","info@lifesolarpanels.com","http://lifesolarpanels.com/","not_called",""
"39","ETW Energy LLC","Manuel Vallejo","San Antonio","(210) 201-4453","","","not_called",""
"40","Lighthouse Solar","Lighthouse Solar","San Antonio","(210) 280-8509","info@lighthousesolar.com","http://www.lighthousesolar.com/","not_called",""
"41","Miguel Rivera","Miguel Rivera","San Antonio","(813) 879-8045","","","not_called",""
"42","Texas Solar","Lois Lopez","San Antonio","(210) 802-4222","info@texas-solar.com","www.texas-solar.com/","not_called",""
"43","Solur Power","Solur Power","San Antonio","(210) 791-0340","info@solurpower.com","https://solurpower.com/location/san-antonio","not_called",""
"44","Standard","Standard","San Antonio","(726) 444-5163","info@standard.com","http://standard.com/","not_called",""
"45","Synergy Electric","Synergy Electric","San Antonio","(210) 704-7610","info@subdomain.synergy-electric.net","https://synergy-electric.net/","not_called",""
"46","Olympus Electric & Solar LLC.","Olympus Electric & Solar LLC.","San Antonio","(210) 236-8314","jennifer.guerra711@olympuselectric210.com","http://www.olympuselectric210.com/?utm_source=google&utm_medium=wix_google_business_profile&utm_campaign=17496412437298676530","not_called",""
"47","OCI Solar Power Alamo 1 Solar Farm","OCI Solar Power Alamo 1 Solar Farm","San Antonio","(210) 453-3100","%20lgarza@ocienterprises.com","http://ocisolarpower.com/","not_called",""
"48","Olympic Electric & Solar, LLC","David Guerra","San Antonio","(210) 236-8314","info@olympicelectricco.13.com","https://olympicelectricco.13.com","not_called",""
"49","Elias Solar, Inc.","Elias Gonzalez","San Antonio","(713) 239-9133","info@eliassolar.com","https://eliassolar.com","not_called",""
"50","Solar Alliance","Craig Dowdall","San Antonio","(865) 309-4674","info@solaralliance17.com","SolarAlliance17.com","not_called",""
"51","Pure Energy","Ankitha Buduma","San Antonio","(833) 937-7873","info@pure.solar","https://pure.solar","not_called",""
"52","Engel Electric","Stephen Engel","San Antonio","(210) 897-6527","info@engelelectric.com","https://engelelectric.com","not_called",""
"53","3rd Generation","Ryan Foltz","San Antonio","(210) 224-9588","","","not_called",""
"54","Charles Kirk","Charles Kirk","San Antonio","	+44 116 277 3336","admin@aaiye.com","https://biggestbuilder.com/","not_called",""
"55","Solar Electric Texas L.L.C","Charles Gonzales","San Antonio","(210) 802-4222","info@solarelectrictexas.com","http://solarelectrictexas.com","not_called",""
"56","Omosewe Guerra","Omosewe Guerra","San Antonio","(210) 775-2265","","","not_called",""
"57","Stephens Solar Solutions","Stephens Solar Solutions","San Antonio","(210) 785-0994","info@stephenssolar.net","https://www.stephenssolar.net/","not_called",""
"58","Soleil Energy Solutions LLC","Soleil Energy Solutions LLC","San Antonio","(726) 800-4301","info@soleilenergies.com","https://soleilenergies.com/","not_called",""
"59","Longhorn Solar - San Antonio","Longhorn Solar - San Antonio","San Antonio","(210) 566-8000","contact@longhornsolar.com","https://longhornsolar.com/","not_called",""
"60","Alba Energy","Alba Energy","San Antonio","(210) 571-0311","info@albaenergy.com","http://albaenergy.com/","not_called",""
"61","Solar Edge Pros","Solar Edge Pros","San Antonio","(210) 401-9030","info@solaredgepros.com","https://solaredgepros.com/","not_called",""
"62","Aptos Solar Technology","Aptos Solar Technology","San Antonio","(949) 932-0733","info@aptossolar.com","http://www.aptossolar.com/","not_called",""
"63","Green Star EV and Solar Solutions","Green Star EV and Solar Solutions","San Antonio","(830) 438-3396","info@greenstarevandsolarsolutions.com","https://www.greenstarsolarsolutions.com/","not_called",""
"64","Solar Innovation Experts San Antonio","Solar Innovation Experts San Antonio","San Antonio","(726) 204-0230","","","not_called",""
"65","Freedom Forever","Freedom Forever","San Antonio","(888) 557-6431","info@freedomforever.com","https://www.freedomforever.com/","not_called",""
"66","Greentech Renewables San Antonio","Greentech Renewables San Antonio","San Antonio","(210) 988-2045","hello@greentechrenewables.com","https://www.greentechrenewables.com/location/san-antonio-tx","not_called",""
"67","Will Power Solar","Will Power Solar","San Antonio","(210) 446-9879","info@willpowersolarllc.com","https://www.willpowersolarllc.com/","not_called",""
"68","Greenstar Power LLC","Greenstar Power LLC","San Antonio","(512) 291-7571","info@greenstarpower.com","https://www.greenstarpower.com/sanantonio-tx","not_called",""
"69","Prodigy Solar","Prodigy Solar","San Antonio","(210) 905-4445","info@prodigysolartx.com","https://prodigysolartx.com/","not_called",""
"70","Solar Electric Texas","Solar Electric Texas","San Antonio","(210) 802-4222","info@solarelectrictexastx.hibuwebsites.com","https://solarelectrictexastx.hibuwebsites.com/","not_called",""
"71","Solar Electrics Texas","Solar Electrics Texas","San Antonio","(828) 515-1800","info@solarelectricstexas.com","http://www.solarelectricstexas.com/","not_called",""
"72","CAM Solar","CAM Solar","San Antonio","(210) 227-3456","info@gocamsolar.com","https://www.gocamsolar.com/","not_called",""
"73","Five Star Solar","Five Star Solar","San Antonio","(214) 551-4648","info@gurrbrothersenergy.com","https://gurrbrothersenergy.com/san-antonio","not_called",""
"74","Sustainable Roofing & Solar","Sustainable Roofing & Solar","San Antonio","(210) 900-1999","info@sustainableroof.com","https://sustainableroof.com/","not_called",""
"75","South Texas Solar Systems","South Texas Solar Systems","San Antonio","(210) 829-5420","info@txsolarsystems.com","https://txsolarsystems.com/","not_called",""
"76","Sunlit Solar San Antonio","Sunlit Solar San Antonio","San Antonio","(833) 435-3745","","","not_called",""
"77","Green Energy of San Antonio","Green Energy of San Antonio","San Antonio","(210) 310-3371","info@greenenergyofsanantonio.com","https://www.greenenergyofsanantonio.com/","not_called",""
"78","Critter Shield","Critter Shield","San Antonio","(210) 314-1177","","","not_called",""
"79","Ecolectrics LLC","Ecolectrics LLC","San Antonio","(210) 987-2640","info@ecolectricsusa.com","http://www.ecolectricsusa.com/","not_called",""
"80","All Points Roof & Solar","All Points Roof & Solar","San Antonio","(210) 507-2225","","","not_called",""
"81","San Antonio Solar Systems","San Antonio Solar Systems","San Antonio","(726) 256-6202","","","not_called",""
"82","Rhino Roofers: San Antonio Roofing Company","Rhino Roofers: San Antonio Roofing Company","San Antonio","(210) 756-2834","info@rhinoroofers.com","https://rhinoroofers.com/","not_called",""
"83","Go Solar San Antonio","Go Solar San Antonio","San Antonio","(210) 718-5658","gabe@gosolarsanantonio.co","https://gosolarsanantonio.co/","not_called",""
"84","ETW Energy, LLC","ETW Energy, LLC","San Antonio","(210) 201-4453","","","not_called",""
"85","POM Solar Energy","POM Solar Energy","San Antonio","(210) 782-0291","","","not_called",""
"86","ARP Roofing & Remodeling","ARP Roofing & Remodeling","San Antonio","(210) 714-0040","info@arproofing.com","https://arproofing.com/san-antonio-roofing-contractor/?utm_source=GBP","not_called",""
"87","ALPHA SOLAR SOLUTIONS, LLC","ALPHA SOLAR SOLUTIONS, LLC","San Antonio","(210) 783-0507","info@alphasolarsa.com","http://www.alphasolarsa.com/","not_called",""
"88","Texas Solar Screens","Texas Solar Screens","San Antonio","(210) 777-3003","info@texassolarscreensllc.com","https://texassolarscreensllc.com/?utm_source=gbp&utm_medium=webclick","not_called",""
"89","Limitless Energy Pros","Limitless Energy Pros","San Antonio","(210) 951-9786","info@limitlessenergypros.com","http://limitlessenergypros.com/","not_called",""
"90","Charger Roofing LLC","Charger Roofing LLC","San Antonio","(210) 305-7663","Sales@Charger-Roofing.com","http://www.charger-roofing.com/","not_called",""
"91","Engel Electric","Engel Electric","San Antonio","(210) 897-6527","info@engelelectrictx.com","http://engelelectrictx.com/","not_called",""
"92","Choose The Right Solar","Choose The Right Solar","San Antonio","(833) 510-2877","","","not_called",""
"93","Smart Renewables of Texas LLC","Smart Renewables of Texas LLC","San Antonio","(210) 465-1021","info@smartsolartx.com","https://smartsolartx.com/","not_called",""
"94","Alamo Smart Home","Alamo Smart Home","San Antonio","(210) 625-6575","info@alamosmarthome.com","https://alamosmarthome.com/","not_called",""
"95","EcoGen America","EcoGen America","San Antonio","(888) 294-5764","info@ecogenamerica.com","https://ecogenamerica.com/residential/tx/san-antonio/","not_called",""
"96","StarPoint Group","StarPoint Group","San Antonio","(888) 831-9690","support@starpointgroup.us","https://www.starpointgroup.us/","not_called",""
"97","Solar Electric Texas","Solar Electric Texas","San Antonio","(737) 379-9295","info@solarelectrictexas.com","http://www.solarelectrictexas.com/","not_called",""
"98","One80 Solar","One80 Solar","San Antonio","(210) 802-7428","info@one80solar.com","http://one80solar.com/","not_called",""
"99","LOA Roofing and Construction","LOA Roofing and Construction","San Antonio","(713) 396-3951","info@loaconstruction.com","https://www.loaconstruction.com/san-antonio/?utm_source=GMBlisting&utm_medium=organic&utm_campaign=gmb-sanantonio","not_called",""
"100","Go Solar Power","Go Solar Power","San Antonio","(800) 530-9597","info@gosolarpower.com","https://www.gosolarpower.com/locations/san-antonio-tx/?utm_source=google&utm_medium=gbp&utm_campaign=san_antonio","not_called",""
"101","Set apart solar","Set apart solar","Austin","(319) 333-4445","info@setapartsolar.durablesites.com","http://setapartsolar.durablesites.com/","not_called",""
"102","Texas Solar Power Company","Texas Solar Power Company","Austin","(512) 459-9494","info@txspc.com","http://www.txspc.com/","not_called",""
"103","Sol Tech Roofing & Solar","Sol Tech Roofing & Solar","Austin","(512) 987-8968","info@soltecsolar.com","http://soltecsolar.com/","not_called",""
"104","ATX Solar","ATX Solar","Austin","(512) 803-9652","info@goatxsolar.com","https://www.goatxsolar.com/","not_called",""
"105","Austin Discount Solar","Austin Discount Solar","Austin","(512) 968-7070","Kevin@austindiscountsolar.com","http://www.austindiscountsolar.com/","not_called",""
"106","Clearly","Clearly","Austin","(512) 525-8673","","","not_called",""
"107","Solar Efficiency Experts Austin","Solar Efficiency Experts Austin","Austin","(512) 649-9050","","","not_called",""
"108","Energy Experts Solar of Austin","Energy Experts Solar of Austin","Austin","(512) 649-9287","","","not_called",""
"109","Nation Solar inc.","Nation Solar inc.","Austin","(512) 379-8332","info@info.nationsolar.co","https://info.nationsolar.co/SLP?utm_source=organic&utm_medium=gmb&utm_campaign=1seo_organic_gmb","not_called",""
"110","Bright Energy Texas","Bright Energy Texas","Austin","(512) 518-5771","info@brightenergytexas.com","https://brightenergytexas.com/","not_called",""
"111","Solar Service","Solar Service","Austin","(512) 537-0459","hello@solarservice-tx.com","https://solarservice-tx.com/","not_called",""
"112","Solar Brothers, LLC | Solar Installation & Hardware","Solar Brothers, LLC | Solar Installation & Hardware","Austin","(512) 759-8690","","","not_called",""
"113","Smart Solar Systems","Smart Solar Systems","Austin","(512) 489-7854","","","not_called",""
"114","Koala Solar","Koala Solar","Austin","(737) 299-0926","info@koalasolar.com","https://koalasolar.com/","not_called",""
"115","Optimum Solar USA","Optimum Solar USA","Austin","(512) 489-0044","sales@optimumsolarusa.com","https://optimumsolarusa.com/","not_called",""
"116","Crimson Solar","Crimson Solar","Austin","(512) 552-7257","operations@crimson-solar.com","http://crimson-solar.com/","not_called",""
"117","Prism Solar","Anthony Fernandez","Austin","(202) 891-4674","","","not_called",""
"118","Austin Energy","Christopher Johnson","Austin","(512) 494-9400","","","not_called",""
"119","Orange Fox, LLC","Ben Flynn","Austin","(512) 488-1120","info@orangefoxrenewables.com","https://orangefoxrenewables.com","not_called",""
"120","Tesla","Aaron Dugan","Austin","(512) 516-8177","press@tesla.com","https://tesla.com","not_called",""
"121","JRay Electrical","Justin Reynolds","Austin","(512) 981-8215","","","not_called",""
"122","Abdur Rahman","Abdur Rahman","Austin","(512) 563-3913","","","not_called",""
"123","Freedom Solar","Chadwyck Preece","Austin","(512) 759-8313","customerservice@freedomsolarpower.com","www.freedomsolarpower.com","not_called",""
"124","Plainsman Engineering","Ashley Monroe","Austin","(512) 454-8711","","","not_called",""
"125","Longhorn Solar","Jean Ewusi","Austin","(512) 837-4800","contact@longhornsolar.com","https://longhornsolar.com","not_called",""
"126","Texas Solar","Dylan Reil","Austin","(512) 803-9652","info@etcsolar.com","http://etcsolar.com","not_called",""
"127","NATPRE Solar","Derek Evans","Austin","(512) 379-8332","info@natpresolar.com","https://natpresolar.com","not_called",""
"128","Native Solar, LLC","Erik Karr","Austin","(855) 234-3131","info@nativesolar.com","www.nativesolar.com/","not_called",""
"129","Tesla","Terence Hooper","Austin","(512) 516-8177","info@thenehues.com","https://thenehues.com","not_called",""
"130","Gordan Gure","Gordan Gure","Austin","(512) 678-9333","","","not_called",""
"131","Longhorn Solar","Jameason Dillon","Austin","(512) 837-4800","contact@longhornsolar.com","https://longhornsolar.com","not_called",""
"132","512 Solar","Michael Novak","Austin","(512) 329-2117","info@512solar.com","512Solar.com","not_called",""
"133","Walsh Solar & Electrical Services","Nicholas Hayes","Austin","(817) 861-6933","","","not_called",""
"134","Jacob Parz","Jacob Parz","Austin","(512) 314-3100","","","not_called",""
"135","Axis Solar","Axis Solar","Austin","(512) 501-4084","Help@axis-solar.com","http://axis-solar.com/","not_called",""
"136","Green Planet Solutions","Green Planet Solutions","Austin","(512) 866-6968","","","not_called",""
"137","Trident Renewables","Trident Renewables","Austin","(512) 781-8156","info@tridentrenewables.co","http://tridentrenewables.co/","not_called",""
"138","Cool Solar - Austin Texas Solar Panel Power","Cool Solar - Austin Texas Solar Panel Power","Austin","(512) 883-4407","jb@coolsolarpower.co","https://coolsolarpower.co/","not_called",""
"139","PEP Solar llc","PEP Solar llc","Austin","(512) 535-7676","info@pepsolar.com","https://www.pepsolar.com/about-us","not_called",""
"140","Alba Energy","Alba Energy","Austin","(800) 238-3112","info@albaenergy.com","http://albaenergy.com/","not_called",""
"141","SolarOn Services","SolarOn Services","Austin","(512) 299-6000","Info@SolarOnServices.com","https://www.solaronservices.com/","not_called",""
"142","The American Power Company","The American Power Company","Austin","(737) 900-1980","info@powerbacktothepeople.com","http://www.powerbacktothepeople.com/","not_called",""
"143","Greenbelt Solar","Greenbelt Solar","Austin","(512) 750-1478","info@greenbeltsolar.com","http://www.greenbeltsolar.com/","not_called",""
"144","HAR Renewables","Matthew Dunaway","Austin","(512) 921-6763","info@harrenewables.com","https://harrenewables.com","not_called",""
"145","John Williams","John Williams","Austin","(512) 451-5511","","","not_called",""
"146","Enpower Off-Grid","Clayton Parker","Austin","(737) 379-9299","info@empoweroffgrid.com","www.empoweroffgrid.com","not_called",""
"147","Ecoelectrics, LLC","Chirag Patel","Austin","(512) 717-0660","info@ecoelectrictxusa.com","www.ecoelectrictxusa.com","not_called",""
"148","EnergyRey LLC.","EnergyRey LLC.","Austin","(737) 206-0457","Info@EnergyReyTX.com","https://energyreytx.com/","not_called",""
"149","Freedom Solar Power - Austin Solar Panel Company & Installers","Freedom Solar Power - Austin Solar Panel Company & Installers","Austin","(512) 759-8313","customerservice@freedomsolarpower.com","https://freedomsolarpower.com/locations/austin-solar-company?utm_source=gmb&utm_medium=organic","not_called",""
"150","Now Energy LLC","Now Energy LLC","Austin","(866) 227-1352","info@nowenergyllc.com","https://www.nowenergyllc.com/","not_called",""
"151","Easy Simple Solar","Easy Simple Solar","Austin","(512) 200-9444","info@easysimple.solar","https://easysimple.solar/","not_called",""
"152","Hans Maggio","Hans Maggio","Dallas","(832) 280-8838","","","not_called",""
"153","Michael Lafiectis","Michael Lafiectis","Dallas","(469) 227-9333","info@mileskoldelectricalservice.com","www.mileskoldelectricalservice.com/","not_called",""
"154","Yagnew Manengenegle","Yagnew Manengenegle","Dallas","(214) 894-5040","info@g4electronics.com","https://g4electronics.com/","not_called",""
"155","Clean Power Store","Clean Power Store","Dallas","(214) 915-8802","info@cleanpowerstore.com","https://cleanpowerstore.com/","not_called",""
"156","Custom Pro Roofing and solar","Custom Pro Roofing and solar","Dallas","(229) 264-4313","Support@custompro.us","https://custompro.us/","not_called",""
"157","SLE Green Energy, LLC","SLE Green Energy, LLC","Dallas","(469) 776-9200","info@slegreenenergy.com","https://www.slegreenenergy.com/","not_called",""
"158","Proclaim Solar LLC","Proclaim Solar LLC","Dallas","(972) 984-7663","info@proclaimsolar.com","http://www.proclaimsolar.com/","not_called",""
"159","Diamond Solar USA","Diamond Solar USA","Dallas","(214) 214-5496","info@diamondsolarusa.com","https://www.diamondsolarusa.com/","not_called",""
"160","ION Solar - Dallas","ION Solar - Dallas","Dallas","(877) 579-5053","info@ionsolar.com","https://www.ionsolar.com/","not_called",""
"161","KPost Roofing & Waterproofing","KPost Roofing & Waterproofing","Dallas","(469) 898-8099","info@kpostcompany.com","https://kpostcompany.com/?utm_source=google&utm_medium=organic&utm_campaign=GMBListing-Dallas-TX","not_called",""
"162","COREnerG","COREnerG","Dallas","(817) 821-6504","info@corenerg.solar","https://www.corenerg.solar/","not_called",""
"163","Switch Smart Solar","Switch Smart Solar","Dallas","(214) 414-3003","info@switchsmartsolar.com","https://switchsmartsolar.com/","not_called",""
"164","Royal Solar Systems","Royal Solar Systems","Dallas","(972) 842-4382","","","not_called",""
"165","Go Solar Power","Go Solar Power","Dallas","(800) 530-9597","info@gosolarpower.com","https://gosolarpower.com/","not_called",""
"166","Victory Solar","Victory Solar","Dallas","(214) 643-8374","info@victorysolar.com","https://victorysolar.com/","not_called",""
"167","Radix Solar-Dallas","Radix Solar-Dallas","Dallas","(888) 919-0980","info@radixsolar.com","https://radixsolar.com/","not_called",""
"168","TEXSOLAR","TEXSOLAR","Dallas","(214) 774-2335","","","not_called",""
"169","Alba Energy of Dallas","Alba Energy of Dallas","Dallas","(214) 320-4968","info@albaenergy.com","http://albaenergy.com/solar-installer/dallas-texas/","not_called",""
"170","Ross Solar Energy Co","Ross Solar Energy Co","Dallas","(502) 594-0020","info@rosssolarenergy.com","https://www.rosssolarenergy.com/solar-energy-contact","not_called",""
"171","O3 Energy Solutions","O3 Energy Solutions","Dallas","(888) 999-2902","info@o3energy.com","https://o3energy.com/?utm_source=google&utm_medium=organic&utm_campaign=gmb-listing&y_source=1_MTQ3NzQ3MjItNzE1LWxvY2F0aW9uLmdvb2dsZV93ZWJzaXRlX292ZXJyaWRl","not_called",""
"172","Smooth Solar Power","Smooth Solar Power","Dallas","(866) 210-6654","info@smoothsolarpower.com","https://smoothsolarpower.com/","not_called",""
"173","Blue Hammer Solar","Blue Hammer Solar","Dallas","(844) 426-6375","info@bluehammersolar.com","http://www.bluehammersolar.com/","not_called",""
"174","Dallas Solar","Dallas Solar","Dallas","(972) 441-8230","info@dallassolar.com","http://dallassolar.com/","not_called",""
"175","Current Solar","Current Solar","Dallas","(972) 904-8988","info@currentsolar.com","https://www.currentsolar.com/","not_called",""
"176","Electric Distribution and Design Systems","Thomas Edds","Dallas","(214) 679-5458","t14tedds@eddssolar.com","https://www.eddssolar.com/","not_called",""
"177","Sunfinity Solar","Sunfinity Solar","Dallas","(844) 786-3461","info@sunfinity.com","https://sunfinity.com/","not_called",""
"178","GNRG, Inc.","GNRG, Inc.","Dallas","(833) 464-4674","info@gnrg.co","https://gnrg.co/","not_called",""
"179","Sunshine Renewable Solutions","Sunshine Renewable Solutions","Dallas","(832) 280-8838","info@sunshinerenewable.com","https://sunshinerenewable.com/","not_called",""
"180","Vantage Point Solar","Vantage Point Solar","Dallas","(844) 507-6527","Support@vantagepointsolar.com","http://www.vantagepointsolar.com/","not_called",""
"181","Green Balance Energy","Green Balance Energy","Dallas","(817) 274-0223","","","not_called",""
"182","Proxima Solar Energy","Proxima Solar Energy","Dallas","(214) 271-9171","info@proximasolar.com","https://proximasolar.com/","not_called",""
"183","Home Xperts","Home Xperts","Dallas","(469) 226-9042","info@gohomexperts.org","http://www.gohomexperts.org/","not_called",""
"184","Delta Power Group","Delta Power Group","Dallas","(877) 913-3582","info@deltapowergroup.co","https://www.deltapowergroup.co/","not_called",""
"185","Tesla Energy - Dallas | Fort Worth","Tesla Energy - Dallas | Fort Worth","Dallas","(877) 373-7652","press@tesla.com","https://www.tesla.com/solarpanels?utm_source=gmb_listing&utm_medium=organic&utm_content=dallastx_solar&utm_campaign=te_dallastx","not_called",""
"186","Solar Panels Dallas","Solar Panels Dallas","Dallas","(469) 947-9481","info@solarpanelsdallas.org","https://solarpanelsdallas.org/","not_called",""
"187","Sunergy","Sunergy","Dallas","(727) 375-9375","","","not_called",""
"188","E2S Renewables","Brandon Fisher","Houston","(713) 393-7659","","","not_called",""
"189","Luminaz Energy","Jeffrey Ellis","Houston","(713) 783-7056","info@luminazenergy.com","https://luminazenergy.com","not_called",""
"190","Green Solar Rocket","Jim Gates","Houston","(346) 209-9933","","","not_called",""
"191","Pro Solar Installers","KJ Douglass","Houston","(832) 377-7193","mail@iginomarini.com","https://prosolarinstallers.com","not_called",""
"192","Julio Kumbakari","Julio Kumbakari","Houston","(281) 974-1767","info@arkom.com","Arkom.com","not_called",""
"193","Sonepar Solar","Jacob Gardiner","Houston","(281) 469-6693","info@soneparsolar.com","https://soneparsolar.com","not_called",""
"194","Niro","Brian Turner","Houston","(832) 400-4751","info@mynirobome.com","https://mynirobome.com/","not_called",""
"195","Easton Energy Services","Justin Duncan","Houston","(281) 336-1468","","","not_called",""
"196","Solstice Solar LLC","Mohammed Taha","Houston","(281) 801-4211","info@solsticesolar.com","http://solsticesolar.com/","not_called",""
"197","Sunbeam Solar","Josef Hernandez","Houston","(346) 888-4458","info@sunbeamsolar.net","http://sunbeamsolar.net","not_called",""
"198","Christopher Knight","Christopher Knight","Houston","(713) 653-8810","info@suncaleum.com","www.suncaleum.com","not_called",""
"199","Green Lake Solar","Bret Dupleissis","Houston","(346) 209-9933","","","not_called",""
"200","Bright Solar Energy LLC","Dana Hazlebonne","Houston","(512) 518-5771","","","not_called",""
"201","Akam-Energ LLC","Vance Rollo","Houston","(281) 655-3200","info@akamenerg.com","www.akamenerg.com","not_called",""
"202","Fort Worth Solar Installation Consulting","Fort Worth Solar Installation Consulting","Fort Worth","(817) 440-3343","","","not_called",""
"203","Loanstar Solar Power","Loanstar Solar Power","Fort Worth","(682) 459-1939","","","not_called",""
"204","StarVolt Solar","StarVolt Solar","Fort Worth","(844) 782-7865","office@starvoltsolar.com","https://starvoltsolar.com/","not_called",""
"205","Solar Avenue","Solar Avenue","Fort Worth","(469) 842-7128","info@txsolaravenue.com","https://www.txsolaravenue.com/","not_called",""
"206","AB Solar and Roofing","AB Solar and Roofing","Fort Worth","(469) 608-0311","sales@absolarandroofing.com","https://absolarandroofing.com/?utm_source=AdPages_GMB_Home&utm_medium=AdPages_GMB_Home&utm_campaign=AdPages_GMB_Home","not_called",""
"207","Solar Screens","Solar Screens","Fort Worth","(817) 880-3500","info@beattexasheat.com","http://beattexasheat.com/contact-us/","not_called",""
"208","Quantum Solar of Texas","Quantum Solar of Texas","Fort Worth","(737) 379-9288","","","not_called",""
"209","Charles Solar Panels Fort Worth TX","Charles Solar Panels Fort Worth TX","Fort Worth","(682) 290-3192","","","not_called",""
"210","Solar Pro Windows","Solar Pro Windows","Fort Worth","(817) 572-4994","info@ntwindow.com","https://ntwindow.com/product/solar-pro/","not_called",""
"211","Zen Solar US","Zen Solar US","Fort Worth","(817) 482-6215","","","not_called",""
"212","Solar Power Systems Fort Worth","Solar Power Systems Fort Worth","Fort Worth","(817) 330-6766","info@solarpowersystemstexas.com","http://www.solarpowersystemstexas.com/location/Fort-Worth","not_called",""
"213","Sol Nova Electric","Tony Trammell","Fort Worth","(833) 765-6682","info@solnovaelectric.com","www.solnovaelectric.com","not_called",""
"214","SolarCo. Texas","SolarCo. Texas","Fort Worth","(817) 751-8911","info@gosouthernsolar.com","http://gosouthernsolar.com/","not_called",""
"215","Sonfis, LLC","Michael Fry","Fort Worth","(817) 231-0171","","","not_called",""
"216","Kaco Energy LLC","Adrian Guzman","Fort Worth","(210) 446-4238","","","not_called",""
"217","Edge North America","Anthony Gust","Fort Worth","(817) 732-4473","info@edgena.com","https://edgena.com","not_called",""
"218","Eclipse Solar","Eclipse Solar","Fort Worth","(214) 973-6417","info@eclipsesolarinfo.com","http://www.eclipsesolarinfo.com/","not_called",""
"219","Circle L Solar","Circle L Solar","Fort Worth","(817) 945-2011","info@circlelsolar.com","https://www.circlelsolar.com/","not_called",""
"220","Sunton Solutions LLC | Solar Panel Cleaning","Sunton Solutions LLC | Solar Panel Cleaning","Fort Worth","(817) 353-5479","chance@suntonsolutions.com","https://suntonsolutions.com/","not_called",""
"221","Pulse Turnkey- Formerly Texas Solar Solutions LLC","Pulse Turnkey- Formerly Texas Solar Solutions LLC","Fort Worth","(817) 903-2295","info@pulseturnkey.com","http://pulseturnkey.com/","not_called",""
"222","Suntria | Texas Solar Panel Installers","Suntria | Texas Solar Panel Installers","Fort Worth","(469) 277-9918","contact@suntria.com","https://www.suntria.com/","not_called",""
"223","Solnova","Solnova","Fort Worth","(833) 765-6682","user@domain.com","http://www.gosolnova.com/","not_called",""
"224","Nivo Solar","Nivo Solar","Abilene","(718) 810-8817","info@mynivohome.com","https://mynivohome.com/","not_called",""
"225","West Texas Solar","West Texas Solar","Abilene","(325) 244-1917","info@west-texas-solar.com","https://www.west-texas-solar.com/","not_called",""
"226","Sunaura Solar","Sunaura Solar","Addison","(469) 895-9450","contact@gosunaura.com","https://www.gosunaura.com/","not_called",""
"227","Efficient Home Services","Efficient Home Services","Aledo","(844) 778-8810","leads@goehs.com","https://www.goehs.com/fort-worth-solar-panel-installation/","not_called",""
"228","Sol-Ark HQ","Sol-Ark HQ","Allen","(972) 575-8875","notifications@sol-ark.com","https://www.sol-ark.com/","not_called",""
"229","Solar Electrical & Retrofit Solutions Inc","Solar Electrical & Retrofit Solutions Inc","Alvarado","(817) 313-4571","info@serdallas.com","https://serdallas.com/","not_called",""
"230","Amarillo Solar Pros","Amarillo Solar Pros","Amarillo","(806) 318-8418","walter@11marketing.net","https://amarillosolarpros.com/","not_called",""
"231","Panhandle Solar Consultants","Panhandle Solar Consultants","Amarillo","(806) 730-0399","typesetit@att.net","http://www.panhandlesolarconsultants.com/","not_called",""
"232","Amarillo Solar Shade Co.","Amarillo Solar Shade Co.","Amarillo","(806) 214-2345","info@amarillosolarshades.com","https://amarillosolarshades.com/?utm_source=google&utm_medium=organic&utm_campaign=gmbwebsite","not_called",""
"233","Pure Energy Amarillo Solar","Pure Energy Amarillo Solar","Amarillo","(806) 454-7873","filler@godaddy.com","http://pureenergyofamarillo.com/","not_called",""
"234","Green Energy Specialties","Green Energy Specialties","Argyle","(940) 464-4219","","","not_called",""
"235","SolarLife Technology","SolarLife Technology","Arlington","(817) 677-9100","info@solarlifetech.com","http://solarlifetech.com/","not_called",""
"236","Greentech Renewables Dallas","Greentech Renewables Dallas","Arlington","(972) 972-4510","hello@greentechrenewables.com","https://www.cedgreentech.com/","not_called",""
"237","Energy Renovation Center - TX","Energy Renovation Center - TX","Arlington","(682) 222-1490","info@energyrenovationcenter.com","https://energyrenovationcenter.com/","not_called",""
"238","Solar Power Systems Arlington","Solar Power Systems Arlington","Arlington","(817) 774-4819","info@solarpowersystemstexas.com","http://www.solarpowersystemstexas.com/location/Arlington","not_called",""
"239","Pure Energy Solar Systems","Pure Energy Solar Systems","Arlington","(817) 512-1710","","","not_called",""
"240","Best Way Solar - Solar Installation & Maintenance Services","Best Way Solar - Solar Installation & Maintenance Services","Arlington","(844) 766-3929","info@bestwaysolar.org","https://bestwaysolar.org/","not_called",""
"241","Solar Supply","Solar Supply","Arlington","(817) 402-7657","info@solarsupply.us","http://www.solarsupply.us/","not_called",""
"242","CoServ Solar Station","CoServ Solar Station","Aubrey","(940) 321-7800","contact@coserv.com","https://www.coserv.com/Energy-Solutions/Solar","not_called",""
"243","Fortress Power","Jeremy Roberts","Bastrop","(877) 497-6937","sales@fortresspower.com","fortresspower.com","not_called",""
"244","The Solar Maintenance Guys","The Solar Maintenance Guys","Bedford","(682) 346-2225","info@solarmaintenanceguys.com","http://solarmaintenanceguys.com/","not_called",""
"245","Green Dream Solar LLC","Francesco Duran","Bexar County","(830) 438-3396","","","not_called",""
"246","SunBear","SunBear","Boerne","(830) 321-4488","info@sunbear.solar","https://www.sunbear.solar/","not_called",""
"247","Sunlane Electric","Dustin Haschel","Boerne","(210) 414-8695","info@sunlaneelectric.com","https://sunlaneelectric.com","not_called",""
"248","Texas Solar Energy","Gary Goinalka","Boerne","(210) 802-4222","info@texsolarenergy.com","https://texsolarenergy.com","not_called",""
"249","Mammoth Roofing and Solar Of Boerne","Mammoth Roofing and Solar Of Boerne","Boerne","(210) 569-0398","info@mammothroofs.com","https://www.mammothroofs.com/locations/san-antonio-tx/?utm_source=google&utm_medium=organic&utm_campaign=gmb&utm_content=boerne","not_called",""
"250","Power Up Sol","Power Up Sol","Boerne","(210) 469-9649","","","not_called",""
"251","RENERGY","RENERGY","Boerne","(830) 755-8699","info@renergysolar.com","http://www.renergysolar.com/","not_called",""
"252","A7 Auto Pros | Tint | Coatings | Details - Brownsville","A7 Auto Pros | Tint | Coatings | Details - Brownsville","Brownsville","(956) 517-7498","info@a7autopros.square.site","https://a7autopros.square.site/","not_called",""
"253","TMD SOLAR ENERGY","TMD SOLAR ENERGY","Brownsville","(956) 435-4991","","","not_called",""
"254","Metro Electric, Inc.","Metro Electric, Inc.","Brownsville","(956) 831-7801","careers@metroelectric-rgv.com","http://www.metroelectric-rgv.com/","not_called",""
"255","EGO CLAIMS & CONSTRUCTION LLC","EGO CLAIMS & CONSTRUCTION LLC","Brownsville","(956) 465-0386","info@egoclaimsconstruction.com","https://egoclaimsconstruction.com/","not_called",""
"256","McAllen Valley Roofing Co.","McAllen Valley Roofing Co.","Brownsville","(956) 431-0251","info@brownsville-roofing.com","https://www.brownsville-roofing.com/","not_called",""
"257","Logans Electric","Logans Electric","Brownsville","(956) 382-4651","info@loganselectric.com","https://www.loganselectric.com/contact/","not_called",""
"258","Solid Structures Inc","Solid Structures Inc","Brownsville","(956) 544-5459","","","not_called",""
"259","Owen Roofing Company","Owen Roofing Company","Brownsville","(956) 546-6638","info@owenroofingco.com","http://www.owenroofingco.com/","not_called",""
"260","Silva Roofing & Construction","Silva Roofing & Construction","Brownsville","(956) 336-2816","info@roofcontractorservice.com","https://roofcontractorservice.com/","not_called",""
"261","Xactman Services LLC","Xactman Services LLC","Brownsville","(956) 382-3985","","","not_called",""
"262","Roofing A-1 & Construction Corp","Roofing A-1 & Construction Corp","Brownsville","(956) 443-6621","info@roofinga-1andconstructioncorp.com","http://www.roofinga-1andconstructioncorp.com/","not_called",""
"263","Enova Electrification","Enova Electrification","Bryan","(281) 713-4858","info@enovaelectrification.com","https://enovaelectrification.com/","not_called",""
"264","Texas Green Energy","Texas Green Energy","Bryan","(979) 209-0010","info@txgreenenergy.com","http://www.txge.com/","not_called",""
"265","Texas Solar Guys","Sean Taylor","Buda","(512) 565-4767","sean@texassolarguys.com","https://texassolarguys.com/","not_called",""
"266","HESOLAR","HESOLAR","Buda","(512) 921-6763","info@hesolarllc.com","https://www.hesolarllc.com/","not_called",""
"267","Texas Solar Guys","Texas Solar Guys","Buda","(512) 565-4767","sean@texassolarguys.com","https://texassolarguys.com/","not_called",""
"268","Best Solar Homes","Best Solar Homes","Buda","(866) 999-3974","info@bestsolarhomes.net","https://www.bestsolarhomes.net/","not_called",""
"269","In Full Light","In Full Light","Bulverde","(210) 260-5180","johnh@iflcm.com","http://iflcm.com/","not_called",""
"270","Sueanne Jones","Sueanne Jones","Burketsville","(903) 753-7291","","","not_called",""
"271","EWS Solar & Construction","EWS Solar & Construction","Burleson","(817) 657-0465","office@energizewithsunrise.com","https://www.energizewithsunrise.com/","not_called",""
"272","SunSoaker Flexible Solar","SunSoaker Flexible Solar","Burleson","(833) 776-2537","","","not_called",""
"273","Solar Water Solutions","Solar Water Solutions","Burleson","(214) 929-8730","","","not_called",""
"274","Boulder Solar Energy Services, LLC","Boulder Solar Energy Services, LLC","Cameron","(254) 310-7726","","","not_called",""
"275","Superb Roofing & Restoration","Superb Roofing & Restoration","Canyon Lake","(830) 240-7318","info@superbroofingllc.com","https://www.superbroofingllc.com/service-areas/roofing-canyon-lake-tx/?utm_campaign=gmb","not_called",""
"276","Dawn to Dusk Solar Texas","Dawn to Dusk Solar Texas","Carrollton","(214) 945-3529","info@solardawntodusk.com","http://solardawntodusk.com/","not_called",""
"277","Harvest Solar Inc","Cristian Valerio","Carrollton","(888) 719-4787","info@harvestsolarinc.com","https://www.harvestsolarinc.com/","not_called",""
"278","Texas Solar Design","Texas Solar Design","Carrollton","(469) 575-4786","","","not_called",""
"279","Quicken Solar","Quicken Solar","Carrollton","(432) 967-8618","info@quickensolar.com","http://quickensolar.com/","not_called",""
"280","Ibergreen","Ibergreen","Castle Hills","(832) 410-1118","","","not_called",""
"281","Texas Solar Professional","Texas Solar Professional","Cedar Hill","(469) 581-0008","info@texassolar.pro","https://www.texassolar.pro/","not_called",""
"282","Good Energy Solar","Good Energy Solar","Cedar Park","(512) 337-3697","info@goodenergysolartx.com","http://goodenergysolartx.com/","not_called",""
"283","SunAura Energy","SunAura Energy","Cedar Park","(512) 862-4101","info@sunauraenergy.com","http://sunauraenergy.com/","not_called",""
"284","Advanced Solar & Electric","Advanced Solar & Electric","Cibolo","(210) 556-1399","info@advancedsolar.com","http://www.advancedsolar.com/","not_called",""
"285","Solar Supply","Solar Supply","Cleburne","(817) 556-4648","info@solarsupply.us","https://solarsupply.us/","not_called",""
"286","Solar Power Systems College Station","Solar Power Systems College Station","College Station","(979) 589-5894","info@solarpowersystemstexas.com","http://www.solarpowersystemstexas.com/location/College-Station","not_called",""
"287","American Solar Wind LLC","American Solar Wind LLC","Colleyville","(817) 263-0000","","","not_called",""
"288","IES Residential","IES Residential","Converse","(210) 651-8294","info@iesresidential.com","https://www.iesresidential.com/","not_called",""
"289","OCI Solar Power Alamo 2 Solar Farm","OCI Solar Power Alamo 2 Solar Farm","Converse","(210) 453-3100","%20lgarza@ocienterprises.com","http://ocisolarpower.com/","not_called",""
"290","Eco-Green Renewable","Gianluca Ferretti","Corpus Christi","(888) 229-0213","pellets@ecogreenrenewable.com","https://ecogreenrenewable.com","not_called",""
"291","View Crystal Solar Contractor","View Crystal Solar Contractor","Crystal City","(830) 850-1006","info@viewcrystalsolarcontractor.com","https://viewcrystalsolarcontractor.com/","not_called",""
"292","GVEC Solar Services","GVEC Solar Services","Cuero","(855) 898-8807","info@gvecsolarservice.com","http://gvecsolarservice.com/","not_called",""
"293","Epic Solar Pro's","Epic Solar Pro's","Denton","(940) 368-3744","info@epicsolarpros.com","https://epicsolarpros.com/","not_called",""
"294","Denton Solar","Denton Solar","Denton","(940) 208-0150","partnerships@dentontxsolar.com","https://dentontxsolar.com/","not_called",""
"295","Solar Power Systems Denton","Solar Power Systems Denton","Denton","(940) 353-6214","info@solarpowersystemstexas.com","http://www.solarpowersystemstexas.com/location/Denton","not_called",""
"296","Solar Smart TX","Solar Smart TX","DeSoto","(469) 558-1701","","","not_called",""
"297","The Solar Cowboys","The Solar Cowboys","DeSoto","(469) 654-1041","info@thesolarcowboys.com","http://www.thesolarcowboys.com/","not_called",""
"298","Guided Path Solar","Guided Path Solar","Dripping Springs","(512) 200-3344","info@guidedpathsolar.com","https://www.guidedpathsolar.com/","not_called",""
"299","NATiVE Solar","NATiVE Solar","Dripping Springs","(855) 234-3131","info@nativesolar.com","https://nativesolar.com/","not_called",""
"300","Willis Construction","Willis Construction","Dumas","(806) 935-6951","gpwillis@cableone.net","http://www.willisconstructiondumas.com/","not_called",""
"301","Evolve Solar Installation","Evolve Solar Installation","Duncanville","(469) 297-9013","info@solarinstallationdallascounty.com","https://solarinstallationdallascounty.com/","not_called",""
"302","Smart Energy Solution","Smart Energy Solution","Eagle Pass","(830) 968-0784","","","not_called",""
"303","Eagle SolarPanels Tiles Installs","Eagle SolarPanels Tiles Installs","Eagle Pass","(281) 533-6728","","","not_called",""
"304","Blevins Solar","Blevins Solar","Eddy","(763) 522-2100","info@mortenson.com","https://www.mortenson.com/industries/solar","not_called",""
"305","JTV Solar","Elijah Nava","Eldorado Springs","(325) 853-1000","info@solarptastx.com","solarptastx.com","not_called",""
"306","Radiant Technologies Solar System LLC","Radiant Technologies Solar System LLC","Ennis","(469) 949-3982","info@radianttechnologiessolarsystemllc.blogspot.com","https://radianttechnologiessolarsystemllc.blogspot.com/2022/01/blog-post.html","not_called",""
"307","Sustainable Eco","Matthew Greenwood","Euless","(682) 231-2982","info@sustainableeco.com","https://sustainableeco.com","not_called",""
"308","Solarize","Solarize","Farmers Branch","(817) 527-1482","info@mysolarize.com","http://mysolarize.com/","not_called",""
"309","Infinity Solar USA - Texas","Infinity Solar USA - Texas","Farmers Branch","(469) 945-6290","sales@infinitysolarusa.com","https://infinitysolarusa.com/","not_called",""
"310","Tech Solar Industries (TSI)","Tech Solar Industries (TSI)","Farmers Branch","(469) 991-5000","info@tsi.solar","https://tsi.solar/","not_called",""
"311","Epicpwr Solar Energy Farmers Branch TX","Epicpwr Solar Energy Farmers Branch TX","Farmers Branch","(945) 221-7100","","","not_called",""
"312","Arvo Solar DFW Rockwall-Fate","Arvo Solar DFW Rockwall-Fate","Fate","(469) 264-8383","info@goarvo.com","https://goarvo.com/dallas-fort-worth","not_called",""
"313","DFW Solar Electric","DFW Solar Electric","Flower Mound","(972) 827-7651","info@dfwsolarelectric.com","https://www.dfwsolarelectric.com/","not_called",""
"314","KA Solar","KA Solar","Flower Mound","(214) 856-8222","info@ka.solar","http://ka.solar/","not_called",""
"315","Texas Solar Panimals","Texas Solar Panimals","Forney","(469) 694-3475","Info@texassolarpanimals.com","https://www.texassolarpanimals.com/","not_called",""
"316","Tesla solar","Tesla solar","Fredericksburg","(254) 318-4664","press@tesla.com","https://www.tesla.com/findus/location/store/fredericksburgremotedrive","not_called",""
"317","Hill Country Solar","Hill Country Solar","Fredericksburg","(512) 924-5525","sales@hillcountrysolar.net","http://hillcountrysolar.com/","not_called",""
"318","Trojan Solar","Trojan Solar","Frisco","(469) 299-9980","info@trojanslr.com","http://www.trojansolarpower.com/","not_called",""
"319","Evolve Solar Installation","Evolve Solar Installation","Frisco","(469) 224-5039","info@friscosolarinstallation.com","https://friscosolarinstallation.com/","not_called",""
"320","Shneyder Solar Frisco","Shneyder Solar Frisco","Frisco","(469) 916-7105","info@shneydersolar.com","https://shneydersolar.com/frisco-tx/","not_called",""
"321","Champion Solar","Champion Solar","Frisco","(972) 801-8662","info@championsolar.net","http://www.championsolar.net/","not_called",""
"322","1 Solar Solution, LLC","1 Solar Solution, LLC","Frisco","(855) 601-7652","","","not_called",""
"323","Infinity Energy","Infinity Energy","Garland","(469) 485-5207","","","not_called",""
"324","Shneyder Solar INC","Shneyder Solar INC","Garland","(945) 215-7283","info@shneydersolar.com","https://shneydersolar.com/","not_called",""
"325","Harvest Solar Inc.","Harvest Solar Inc.","Garland","(888) 719-4787","info@harvestsolarinc.com","https://www.harvestsolarinc.com/","not_called",""
"326","Remington Solar, Inc.","Remington Solar, Inc.","Garland","(214) 257-8300","Dealers@RemingtonSolar.com","https://remingtonsolar.com/","not_called",""
"327","James Electrical Service LLC","James Electrical Service LLC","Gatesville","(254) 258-7665","info@jameselectricalservices.us","http://www.jameselectricalservices.us/","not_called",""
"328","GVEC Solar Services","GVEC Solar Services","Gonzales","(855) 898-8807","info@gvecsolarservice.com","https://gvecsolarservice.com/","not_called",""
"329","CMS RENEWABLE ENERGY","CMS RENEWABLE ENERGY","Grand Prairie","(940) 220-9971","info@cmsnrg.com","https://www.cmsnrg.com/?utm_source=google&utm_medium=wix_google_business_profile&utm_campaign=4644666292073989109","not_called",""
"330","Sonovus Energy","Sonovus Energy","Grand Prairie","(833) 766-6887","info@sonovusenergy.com","https://www.sonovusenergy.com/","not_called",""
"331","Our World Energy, LLC","Our World Energy, LLC","Grand Prairie","(623) 850-5700","info@ourworldenergy.com","http://ourworldenergy.com/","not_called",""
"332","Solar SME, INC.","Solar SME, INC.","Grand Prairie","(214) 227-9736","info@solarsme.com","https://solarsme.com/","not_called",""
"333","V3 Electric","V3 Electric","Grand Prairie","(844) 837-6937","info@v3electric.com","https://www.v3electric.com/","not_called",""
"334","Solar Recycle USA","Solar Recycle USA","Grand Prairie","(817) 200-6111","info@solarrecycleusa.com","http://www.solarrecycleusa.com/","not_called",""
"335","Sunrun Solar","Sunrun Solar","Grand Prairie","(833) 324-5886","press@sunrun.com","https://www.sunrun.com/?utm_source=google&utm_medium=web&utm_campaign=gbp&utm_term=local","not_called",""
"336","Sunsolar Solutions","Sunsolar Solutions","Grapevine","(817) 591-8228","info@sunsolarsolutions.com","https://sunsolarsolutions.com/","not_called",""
"337","Sunbox Pros","Sunbox Pros","Grapevine","(214) 600-8270","","","not_called",""
"338","Sustainable Roofing & Solar","Sustainable Roofing & Solar","Grapevine","(817) 900-9560","info@sustainableroof.com","https://www.sustainableroof.com/","not_called",""
"339","Freedom Solar Power - Dallas Solar Panel Company & Installers","Freedom Solar Power - Dallas Solar Panel Company & Installers","Grapevine","(972) 441-8230","customerservice@freedomsolarpower.com","https://freedomsolarpower.com/locations/dallas-fort-worth-arlington?utm_source=GMBlisting&utm_medium=organic","not_called",""
"340","SUNPRO SOLAR LLC","SUNPRO SOLAR LLC","Grapevine","(833) 786-7761","","","not_called",""
"341","North Texas Solar","North Texas Solar","Grapevine","(940) 387-2716","info@northtexassolar.com","https://northtexassolar.com/","not_called",""
"342","Diamond M Waterwell Services","Diamond M Waterwell Services","Gruver","(806) 733-5678","info@diamondmwaterwellservicellc.com","http://www.diamondmwaterwellservicellc.com/","not_called",""
"343","Solar CenTex","Solar CenTex","Harker Heights","(254) 393-1340","ninfo@solarcentex.com","https://www.solarcentex.com/","not_called",""
"344","Solar Service","Solar Service","Harker Heights","(844) 248-0335","hello@solarservice-tx.com","https://www.solarservice-tx.com/","not_called",""
"345","Allegiance Solar","Allegiance Solar","Harker Heights","(254) 213-2164","solarsales@allegiance-solar.com","https://allegiance-solar.com/","not_called",""
"346","2H Solar Training","2H Solar Training","Harker Heights","(254) 294-7907","","","not_called",""
"347","Solar Power Home Systems","Solar Power Home Systems","Harlingen","(956) 422-3033","","","not_called",""
"348","Texas Solar Energy Company","Texas Solar Energy Company","Harlingen","(956) 368-1818","","","not_called",""
"349","Aresa Home Solutions","Aresa Home Solutions","Harlingen","(956) 509-7193","info@usmapet.org","https://usmapet.org/details/aresa-home-solutions-ChIJ5cU","not_called",""
"350","RGV Electric","RGV Electric","Harlingen","(956) 443-3004","","","not_called",""
"351","SunSmart Solar Helotes","SunSmart Solar Helotes","Helotes","(210) 898-4890","","","not_called",""
"352","Micro Grid Energy LLC","Micro Grid Energy LLC","Hollywood Park","(210) 987-3429","info@microestx.com","https://microestx.com/","not_called",""
"353","LGCY Power","LGCY Power","Hurst","(817) 616-5344","info@lgcypower.com","https://www.lgcypower.com/state/tx/dallas/","not_called",""
"354","Solarugreen","Solarugreen","Hurst","(682) 718-4741","info@solarugreen.com","https://solarugreen.com/","not_called",""
"355","Elios Solar","Elios Solar","Irving","(214) 865-7519","info@EliosSolar.com","https://www.eliossolar.com/","not_called",""
"356","Bright Earth Solar","Bright Earth Solar","Irving","(817) 682-6463","info@brightearth.solar","https://www.brightearth.solar/","not_called",""
"357","Power Werx Energy","Power Werx Energy","Irving","(682) 718-1428","","","not_called",""
"358","Solio Solar","Solio Solar","Irving","(972) 636-5033","","","not_called",""
"359","Credible Solar","Credible Solar","Irving","(972) 513-5293","credible@crediblesolar.com","https://crediblesolar.com/","not_called",""
"360","Xclusive Solar","Xclusive Solar","Irving","(720) 656-3647","","","not_called",""
"361","Solar White, LLC","Freddy Ferre","Katy","(210) 325-1110","info@solarwhite.com","https://solarwhite.com","not_called",""
"362","Supernova Solar DBA Smartsan Energy","Nicholas Radzykewycz","Katy","(346) 704-2198","","","not_called",""
"363","Power up Solar 21 LLC","Steven Thompson","Katy","(916) 824-4650","info@yahoo.com","www.powerupsolar21@yahoo.com","not_called",""
"364","Solar World LLC","Solar World LLC","Kemp","(903) 910-5497","","","not_called",""
"365","Epik Solar of Kerrville","Epik Solar of Kerrville","Kerrville","(830) 224-3342","sales@epiksolar.com","https://epiksolar.com/locations/Kerrville/","not_called",""
"366","Solar Power Systems Killeen","Solar Power Systems Killeen","Killeen","(254) 414-0753","info@solarpowersystemstexas.com","http://www.solarpowersystemstexas.com/location/Killeen","not_called",""
"367","SolarCentralTexas","SolarCentralTexas","Killeen","(254) 245-2030","info@solarcentraltexas.com","https://solarcentraltexas.com/","not_called",""
"368","2EZ Solar","2EZ Solar","Killeen","(254) 224-5500","info@2ezsolar.com","http://www.2ezsolar.com/","not_called",""
"369","ION Solar - Texas","ION Solar - Texas","Kyle","(888) 781-7074","info@ionsolar.com","https://www.ionsolar.com/texas","not_called",""
"370","Solstema","Solstema","Kyle","(512) 524-3504","info@solstema.com","https://www.solstema.com/","not_called",""
"371","IES Texas Solar","IES Texas Solar","La Feria","(956) 797-3148","iestxsolar@ies-co.com","https://www.iestxsolar.com/","not_called",""
"372","GVEC Solar Services","GVEC Solar Services","La Vernia","(855) 898-8807","info@gvecsolarservice.com","http://gvecsolarservice.com/","not_called",""
"373","Solar Installer Texas","Solar Installer Texas","Lakeway","(512) 812-7409","info@powur.com","https://powur.com/scott.antcliff/solar","not_called",""
"374","SILVER ELECTRIC AND SOLAR","SILVER ELECTRIC AND SOLAR","Leander","(512) 529-8283","info@silverelectricandsolar.com","http://www.silverelectricandsolar.com/contact.html","not_called",""
"375","Power TX","Power TX","Leander","(512) 298-2045","info@powertx.net","https://www.powertx.net/","not_called",""
"376","Destined Energy","Destined Energy","Lewisville","(469) 277-9628","info@destinednrg.com","https://www.destinednrg.com/","not_called",""
"377","THS Home Solar","THS Home Solar","Lewisville","(888) 617-5289","contact@thshomesolar.com","https://thshomesolar.com/","not_called",""
"378","Texas Best Solar","Texas Best Solar","Lewisville","(940) 242-1285","info@texasbestsolar.com","http://www.texasbestsolar.com/?utm_source=google&utm_medium=wix_google_business_profile&utm_campaign=6322427046039916090","not_called",""
"379","Power On","Power On","Liberty Hill","(512) 648-3268","","","not_called",""
"380","Now Energy LLC","Now Energy LLC","Live Oak","(512) 614-0498","info@nowenergyllc.com","http://www.nowenergyllc.com/","not_called",""
"381","East Texas Power","Jason Maxillom","Livingston","(936) 229-4000","","","not_called",""
"382","Guy Kohlko","Guy Kohlko","Lubbock","(806) 797-7000","","","not_called",""
"383","Solarus","David Neuman","Lubbock","(469) 651-9836","nl@solarus.com","www.solarus.com","not_called",""
"384","Tesla","Nevid Ely","Lubbock","(806) 503-6224","press@tesla.com","https://tesla.com","not_called",""
"385","Travis Lakey","Travis Lakey","Lubbock","(806) 783-0800","","","not_called",""
"386","Clean Green Energy","Andrew Durham","Lubbock","(512) 986-2530","","","not_called",""
"387","GreenMT Solar","Aaron Noffsinger","Lubbock","(806) 334-3150","info@greenmtsolar.com","www.greenmtsolar.com/","not_called",""
"388","Robert Martinez","Robert Martinez","Lubbock","(806) 762-3597","","","not_called",""
"389","Nicolas Lyons","Nicolas Lyons","Lubbock","(806) 730-6596","customerservice@freedomsolarpower.com","freedomsolarpower.com","not_called",""
"390","Signature Solar","Jayla Moulder","Lubbock","(903) 441-2090","","","not_called",""
"391","ARC Solar & EV Solutions","ARC Solar & EV Solutions","Lytle","(210) 461-8128","alejandro@arcsolarevsolutions.com","http://www.arcsolarevsolutions.net/","not_called",""
"392","GreenGo Solar","GreenGo Solar","Manor","(512) 674-1577","micah@micahrich.com","https://greengosolarenergy.com/","not_called",""
"393","Eagle Solar Power","Eagle Solar Power","Mansfield","(817) 917-9965","office@eaglesolarpower.com","https://eaglesolarpower.com/","not_called",""
"394","Freedom Solar and Electric, LLC","Henry Wood","Mansfield","(972) 935-6787","info@advancedsolar.com","advancedsolar.com","not_called",""
"395","SolarWaco","SolarWaco","McGregor","(254) 457-9900","info@solarwaco.com","https://solarwaco.com/","not_called",""
"396","STR Solar","STR Solar","McKinney","(469) 552-5576","","","not_called",""
"397","Semper Solaris","Semper Solaris","McKinney","(972) 716-2998","chat_2@2x.webp","https://texas.sempersolaris.com/locations/dallas/?utm_content=LOCAL%20SEO%20GMB%20DAL","not_called",""
"398","Axium Solar","Axium Solar","McKinney","(972) 633-8680","info@axiumsolar.com","https://www.axiumsolar.com/","not_called",""
"399","Infinity Solar Panel Installations","Infinity Solar Panel Installations","McKinney","(469) 591-1212","support@solutionsforsolar.com","https://dfwsolarpanelinstallation.com/mckinney-solar-energy-company","not_called",""
"400","Magic Valley Elec Co-Op Inc","Magic Valley Elec Co-Op Inc","Mercedes","(866) 225-5683","info@magicvalley.coop","http://www.magicvalley.coop/","not_called",""
"401","NUR Green Living Solutions","NUR Green Living Solutions","Mercedes","(956) 800-9498","","","not_called",""
"402","SunStar Solutions","SunStar Solutions","Mesquite","(469) 423-8088","info@sunstarsolutions.us","http://sunstarsolutions.us/","not_called",""
"403","MayAztil Renovations","Alberto Hernandez","Mesquite","(432) 894-9941","","","not_called",""
"404","RGV Solar","RGV Solar","Mission","(956) 507-0514","info@rgvsolarsystems.com","http://www.rgvsolarsystems.com/","not_called",""
"405","Texas Solar Professional","Weijun Luo","Monterey","(469) 581-0008","info@texassolarpro.com","www.texassolarpro.com","not_called",""
"406","Solar Farm","Solar Farm","Mt Calm","(830) 254-4896","","","not_called",""
"407","Texas Powered by Solar","Texas Powered by Solar","New Braunfels","(830) 832-3332","","","not_called",""
"408","Impact Solar Solutions, LLC","Paul Johnson","New Braunfels","(866) 395-1975","","","not_called",""
"409","Jiles Solar Power, LLC","Jay Richardson","New Braunfels","(830) 401-9972","info@jilesllc.com","https://www.jilesllc.com","not_called",""
"410","Epik Solar of New Braunfels","Epik Solar of New Braunfels","New Braunfels","(830) 224-3347","sales@epiksolar.com","https://epiksolar.com/locations/new-braunfels/","not_called",""
"411","Jiles Solar Power and Jiles Roofing","Jiles Solar Power and Jiles Roofing","New Braunfels","(830) 401-9972","contact@gojiles.com","http://www.gojiles.com/","not_called",""
"412","White Label Solar & Lighting","White Label Solar & Lighting","New Braunfels","(210) 325-1110","admin@whitelabel.solar","https://whitelabel.solar/","not_called",""
"413","Pure Energy","Jarrett Gonzalez","New Cancy","(866) 234-8184","","","not_called",""
"414","Solar Screens Killeen","Solar Screens Killeen","Nolanville","(254) 458-4116","info@solarscreenskillen.com","https://www.solarscreenskillen.com/","not_called",""
"415","Simplicity power","Simplicity power","North Richland Hills","(817) 646-7174","info@simplicitysolar.io","https://www.simplicitysolar.io/","not_called",""
"416","SCS Sales Consultant Services","SCS Sales Consultant Services","Olmito","(956) 551-1420","info@scservicestexas.com","http://scservicestexas.com/","not_called",""
"417","Black Diamond PPF & Tint - Olmito","Black Diamond PPF & Tint - Olmito","Olmito","(956) 558-2263","info@blackdiamondrgv.com","https://blackdiamondrgv.com/?utm_source=google&utm_medium=organic&utm_campaign=gmb-Olmito&utm_content=website_button","not_called",""
"418","EasTex Solar","EasTex Solar","Palestine","(903) 805-1849","team@latofonts.com","http://www.eastexsolar.com/","not_called",""
"419","Niro","Jeremy Turner","Pearland","(832) 756-4800","info@mynirobome.com","https://mynirobome.com/","not_called",""
"420","Longhorn Solar - Austin","Longhorn Solar - Austin","Pflugerville","(512) 837-4800","contact@longhornsolar.com","https://longhornsolar.com/","not_called",""
"421","Longhorn Solar","KELLI PEDERSEN","Pflugerville","(512) 837-4800","contact@longhornsolar.com","longhornSolar.com","not_called",""
"422","IES Texas Solar - Austin","IES Texas Solar - Austin","Pflugerville","(512) 766-4276","iestxsolar@ies-co.com","https://www.iestxsolar.com/","not_called",""
"423","My Roof Solar","My Roof Solar","Plano","(469) 461-1996","sales@myroofus.com","https://myroofus.com/solar/","not_called",""
"424","Enova Electrification","Enova Electrification","Plano","(281) 713-4858","info@enovaelectrification.com","https://enovaelectrification.com/","not_called",""
"425","Renewables Hub","Renewables Hub","Plano","(469) 833-2716","","","not_called",""
"426","Solar eTribe","Solar eTribe","Plano","(972) 400-6422","info@solaretribe.com","http://solaretribe.com/","not_called",""
"427","Universal Solar System","Universal Solar System","Plano","(512) 772-1422","info@universalsolarsystem.net","https://www.universalsolarsystem.net/","not_called",""
"428","NXT LVL SLR","NXT LVL SLR","Plano","(833) 698-5852","info@facebook.com","https://www.facebook.com/seotx?mibextid=LQQJ4d","not_called",""
"429","Solar Connect","Solar Connect","Plano","(904) 351-8395","info@solarconnect.energy","https://www.solarconnect.energy/","not_called",""
"430","Sunstra","Sunstra","Plano","(469) 215-1335","sales@sunstra.com","https://sunstra.com/","not_called",""
"431","Longhorn Solar - Plano","Longhorn Solar - Plano","Plano","(972) 850-7764","contact@longhornsolar.com","https://longhornsolar.com/","not_called",""
"432","Inspire Solar","Inspire Solar","Plano","(866) 939-0089","info@inspiresolar.com","http://inspiresolar.com/","not_called",""
"433","Freedom Forever","Freedom Forever","Plano","(888) 557-6431","info@freedomforever.com","https://www.freedomforever.com/","not_called",""
"434","ZUNA SOLAR","ZUNA SOLAR","Plano","(817) 786-6120","info@zunasolar.com","https://www.zunasolar.com/","not_called",""
"435","Green Era Solar","Green Era Solar","Pleasanton","(210) 934-4414","info@greenerasolar.energy","https://greenerasolar.energy/","not_called",""
"436","Impact Renewable Energy","Impact Renewable Energy","Poteet","(210) 409-4646","","","not_called",""
"437","How much solar energy can you collect?","How much solar energy can you collect?","Red Oak","(678) 961-8855","","","not_called",""
"438","Solartime USA","Solartime USA","Richardson","(972) 675-7725","info@solartimeusa.com","https://www.solartime.us/","not_called",""
"439","RISE Power LLC","RISE Power LLC","Richardson","(855) 747-3769","info@risepower.energy","https://risepower.energy/","not_called",""
"440","Immediate Solar LLC","Immediate Solar LLC","Richardson","(469) 349-7955","info@immediatesolar.com","http://immediatesolar.com/","not_called",""
"441","Metroplex solar panels","Metroplex solar panels","Richardson","(214) 662-3746","","","not_called",""
"442","Texas Best Solar","Texas Best Solar","Richardson","(940) 242-1285","info@texasbestsolar.com","http://www.texasbestsolar.com/","not_called",""
"443","Prime SLR","Prime SLR","Richardson","(469) 980-0351","Mustafa.joulani@primeslr.com","https://www.primeslr.com/","not_called",""
"444","Atlas Solar Power","Atlas Solar Power","Richland Hills","(214) 256-3799","info@atlasenergy.org","https://www.atlasenergy.org/","not_called",""
"445","The Professional Shutter Company","The Professional Shutter Company","Rio Hondo","(956) 561-9664","info@theprofessionalshuttercompany.com","https://theprofessionalshuttercompany.com/","not_called",""
"446","Arvo Solar Dallas-Fort Worth","Arvo Solar Dallas-Fort Worth","Rockwall","(817) 242-2786","info@goarvo.com","https://goarvo.com/dallas-fort-worth","not_called",""
"447","Sonepar","Jessica Morris","Round Rock","(512) 246-8001","","","not_called",""
"448","Longhorn Solar","Louis Petrik","Round Rock","(512) 837-4800","contact@longhornsolar.com","www.longhornsolar.com","not_called",""
"449","Freedom Forever","Freedom Forever","Round Rock","(888) 557-6431","info@freedomforever.com","https://www.freedomforever.com/","not_called",""
"450","Greenstar Power","Greenstar Power","Round Rock","(512) 253-7100","info@greenstarpower.com","https://greenstarpower.com/","not_called",""
"451","Solar Power Systems Round Rock","Solar Power Systems Round Rock","Round Rock","(512) 714-2451","info@solarpowersystemstexas.com","http://www.solarpowersystemstexas.com/location/Round-Rock","not_called",""
"452","GNRG USA North Austin","GNRG USA North Austin","Round Rock","(512) 675-8777","info@gnrgusana.com","https://gnrgusana.com/","not_called",""
"453","IES Texas Solar - Dallas","IES Texas Solar - Dallas","Rowlett","(512) 766-4276","iestxsolar@ies-co.com","https://iestxsolar.com/","not_called",""
"454","NOVOS Energy Solar","NOVOS Energy Solar","Rowlett","(800) 990-4598","","","not_called",""
"455","Monument Solar","Monument Solar","Saginaw","(682) 707-5224","admin@gomonumentsolar.com","http://www.gomonumentsolar.com/","not_called",""
"456","Ramirez Innovations LLC","Ramirez Innovations LLC","San Benito","(956) 626-1024","info@ramirezinnovationsllc.com","http://ramirezinnovationsllc.com/","not_called",""
"457","Epik Solar of San Marcos","Epik Solar of San Marcos","San Marcos","(737) 283-3365","sales@epiksolar.com","https://epiksolar.com/locations/san-marcos/","not_called",""
"458","Divided Sky Roofing & Solar","Divided Sky Roofing & Solar","San Marcos","(512) 995-7663","info@mydividedsky.com","https://mydividedsky.com/","not_called",""
"459","Freedom Solar Power - San Antonio Solar Panel Company & Installers","Freedom Solar Power - San Antonio Solar Panel Company & Installers","Schertz","(726) 210-0159","customerservice@freedomsolarpower.com","https://freedomsolarpower.com/locations/san-antonio-solar-company?utm_source=gmb&utm_medium=organic","not_called",""
"460","GVEC Solar Services","GVEC Solar Services","Schertz","(855) 898-8807","info@gvecsolarservice.com","http://gvecsolarservice.com/","not_called",""
"461","GVEC Electric Cooperative","GVEC Electric Cooperative","Schertz","(800) 223-4832","info@gvec.org","http://www.gvec.org/","not_called",""
"462","GVEC Solar Services","GVEC Solar Services","Seguin","(855) 898-8807","info@gvecsolarservice.com","http://gvecsolarservice.com/","not_called",""
"463","Solar 360","Solar 360","South Padre Island","(956) 230-6833","","","not_called",""
"464","Bahia Mar & Solare Tower","Bahia Mar & Solare Tower","South Padre Island","(956) 433-5480","info@bahiamarmanagement.com","http://www.bahiamarmanagement.com/","not_called",""
"465","Rankin Roofing & Solar LLC","Rankin Roofing & Solar LLC","Southlake","(817) 554-2064","info@rankinroofingandsolar.com","https://www.rankinroofingandsolar.com/","not_called",""
"466","Affordable Solar Roof & Air - Dallas","Affordable Solar Roof & Air - Dallas","Southlake","(800) 515-1254","info@solarroofair.com","http://solarroofair.com/","not_called",""
"467","ProLight Solar-PV Installer","ProLight Solar-PV Installer","Southlake","(817) 431-5674","info@prolightsolar.com","http://prolightsolar.com/","not_called",""
"468","Derrick Reddell","Derrick Reddell","Sulphur Springs","(903) 885-7571","","","not_called",""
"469","Signature Solar LLC","Brent Staggs","Sulphur Springs","(903) 441-2090","support@signaturesolar.com","www.signaturesolar.com","not_called",""
"470","NRG Renewables","Koen Goggans","Sulphur Springs","(833) 464-4674","info@nrgsolar.com","https://nrgsolar.com","not_called",""
"471","Joe Murillo","Joe Murillo","Sulphur Springs","(903) 885-0787","","","not_called",""
"472","Signature Solar","Mike Lamar","Sulphur Springs","(903) 441-2090","","","not_called",""
"473","Signature Solar","Francisco Ledesma","Sulphur Springs","(903) 441-2090","","","not_called",""
"474","Freedom Solar Power","Skyler Merry","Sulphur Springs","(512) 759-8313","","","not_called",""
"475","Signature Solar","Shawn Little","Sulphur Springs","(903) 441-2090","info@signture.com","https://signture.com","not_called",""
"476","Signature Solar","Austin Reyes","Sulphur Springs","(903) 441-2090","support@signaturesolar.com","https://signaturesolar.com/?trailer=#KDExoSDqyhAGcuaW9RRbcHOjWHQ-CtapG_kA#7uaLoxmPPH8k8r48","not_called",""
"477","Signature Solar","Trevor Wooden","Sulphur Springs","(903) 441-2090","","","not_called",""
"478","Signature Solar","Payton Pearsall","Sulphur Springs","(903) 441-2090","","","not_called",""
"479","DG Renewables","Dayton Gifford","Sulphur Springs","(956) 686-6040","info@dgrenewables.com","https://dgrenewables.com","not_called",""
"480","Signature Solar","Aaron Johnson","Sulphur Springs","(903) 441-2090","","","not_called",""
"481","Phillip Lofxfer","Phillip Lofxfer","Sulphur Springs","(903) 885-7571","","","not_called",""
"482","Integrity Solar USA","Integrity Solar USA","Sunset","(940) 841-4103","briley@integritysolarusa.net","http://www.integritysolarusa.net/","not_called",""
"483","Solar Power Systems Temple","Solar Power Systems Temple","Temple","(254) 414-0625","info@solarpowersystemstexas.com","http://www.solarpowersystemstexas.com/location/Temple","not_called",""
"484","Solar X","Solar X","Temple","(888) 394-1090","","","not_called",""
"485","Solar Supply Inc","Solar Supply Inc","Temple","(254) 791-4822","info@solarsupply.us","http://www.solarsupply.us/","not_called",""
"486","Wright Way Solar Technologies","Rudy Wright","Tyler","(903) 561-5191","info@wright-wsq.com","www.wright-wsq.com","not_called",""
"487","Argus Solar and Construction","Argus Solar and Construction","Universal City","(210) 548-8071","info@argussolarandconstruction.com","http://www.argussolarandconstruction.com/","not_called",""
"488","Redemption Solar Power","Redemption Solar Power","Waco","(254) 355-3600","info@redemptionpower.com","https://redemptionpower.com/","not_called",""
"489","Solar Supply Inc","Solar Supply Inc","Waco","(254) 756-6527","info@solarsupply.us","http://www.solarsupply.us/","not_called",""
"490","Sweet Light Solar","Kit Reaven","Waco","(254) 457-9900","","","not_called",""
"491","Blaze Energy","Blaze Energy","Waco","(254) 273-5004","","","not_called",""
"492","Integrity Solar Inc.","Integrity Solar Inc.","Waco","(254) 307-1483","","","not_called",""
"493","Pure Energy","Pure Energy","Waco","(833) 937-7873","info@pure.solar","http://pure.solar/","not_called",""
"494","Texar Solar","Timothy Liina","Waxahachie","(469) 581-0008","info@texar-solar.com","www.texar-solar.com/","not_called",""
"495","MINT Solar","MINT Solar","Waxahachie","(469) 570-6468","info@mintsolar.com","https://mintsolar.com/","not_called",""
"496","Solar Panel Installation Systems of Weatherford","Solar Panel Installation Systems of Weatherford","Weatherford","(817) 904-4394","","","not_called",""
"497","Caba?a del sol","Caba?a del sol","Weatherford","(817) 443-4439","","","not_called",""
"498","South Texas Roofing","South Texas Roofing","Weslaco","(956) 309-1307","info@mysouthtexasroofing.com","https://mysouthtexasroofing.com/","not_called",""
"499","Evergreen Home Energy","Evergreen Home Energy","Weslaco","(956) 340-9697","info@goevergreenhome.com","http://www.goevergreenhome.com/","not_called",""
"500","American Made Solar and Wind Technologies","American Made Solar and Wind Technologies","Weslaco","(956) 832-3023","info@amsolarandwind.com","https://amsolarandwind.com/","not_called",""
"501","Alpha Valley Roofing","Alpha Valley Roofing","Weslaco","(956) 304-1403","info@alphavalleyroofing.com","https://www.alphavalleyroofing.com/","not_called",""
"502","Solar Panel Company","Solar Panel Company","Weslaco","(956) 357-9751","","","not_called",""
"503","Pure Energy","Pure Energy","Weslaco","(956) 317-9380","info@pureenergyvalley.com","https://pureenergyvalley.com/","not_called",""
"504","Sunergy Services LLC","Sunergy Services LLC","Weslaco","(800) 844-0372","info@sunergyservices.net","https://sunergyservices.net/","not_called",""
"505","Sun of Texas Solar","Sun of Texas Solar","West","(254) 366-8372","info@sunoftexassolar.com","http://www.sunoftexassolar.com/","not_called",""
"506","Madere LLC","Steve Johnson","Wichita","(940) 267-0063","info@alevara.us","alevara.us","not_called",""
"507","True Texas Solar & Roofing","True Texas Solar & Roofing","Willis","(936) 286-8325","info@truetexassolar.com","http://truetexassolar.com/","not_called",""
"508","Now Energy LLC","Shane Swan","Wimberley","(866) 227-1352","info@nrgenergyllc.com","nrgenergyllc.com","not_called",""
"509","Green Solar Savings","Green Solar Savings","Woodway","(254) 203-5045","info@greensolarsavings.com","https://greensolarsavings.com/","not_called",""
